anio,trimestre,provincia,pesos,unidades
2015,1,Buenos Aires,376605894.86,51464003
2015,1,CABA y GBA,2174477459.56,191152360
2015,1,Catamarca,7478130.07,520236
2015,1,Chaco,27613712.57,4063520
2015,1,Chubut,32702862.03,1546827
2015,1,Córdoba,184649978.82,20430328
2015,1,Corrientes,14841276.28,1171322
2015,1,Entre Ríos,37018023.65,2965853
2015,1,Formosa,6555030.96,517983
2015,1,Jujuy,8683580.79,1127499
2015,1,La Pampa,13090590.43,2834481
2015,1,La Rioja,7676209.64,548841
2015,1,Mendoza,55329240.61,6299106
2015,1,Misiones,15166121.97,610598
2015,1,Neuquén,33595039.48,2335925
2015,1,Río Negro,28160832.9,1537754
2015,1,Salta,16411385.46,803497
2015,1,San Juan,15129609.54,1701342
2015,1,San Luis,11556496.37,710295
2015,1,Santa Cruz,15979319.2,682877
2015,1,Santa Fe,147309250.95,11512569
2015,1,Santiago del Estero,15440105.3,2247361
2015,1,Tierra del Fuego,8368518.39,474633
2015,1,Tucumán,38286545.34,4668500
2015,2,Buenos Aires,415375933.63,46227320
2015,2,CABA y GBA,2701584414.8,199480284
2015,2,Catamarca,10422221.37,587103
2015,2,Chaco,35740608.6,4170410
2015,2,Chubut,40497782.17,1751184
2015,2,Córdoba,208171942.53,19728662
2015,2,Corrientes,18718541.24,1184922
2015,2,Entre Ríos,43966769.04,3054924
2015,2,Formosa,9204378.26,452947
2015,2,Jujuy,11382527.02,1104734
2015,2,La Pampa,14678261.27,3081840
2015,2,La Rioja,9022169.65,387865
2015,2,Mendoza,67648089.27,6299728
2015,2,Misiones,21155271.03,642512
2015,2,Neuquén,46619310.06,2436948
2015,2,Río Negro,33860139.53,1587119
2015,2,Salta,21840109,846664
2015,2,San Juan,15818401.4,994649
2015,2,San Luis,12029519.31,535810
2015,2,Santa Cruz,22517583.23,672626
2015,2,Santa Fe,175727347.88,10059956
2015,2,Santiago del Estero,19424093.96,2592871
2015,2,Tierra del Fuego,10419924.46,531834
2015,2,Tucumán,46896407.91,4420194
2015,3,Buenos Aires,449708488.81,46660151
2015,3,CABA y GBA,2858962469.18,183702925
2015,3,Catamarca,11180018.61,573161
2015,3,Chaco,37518876.59,4082381
2015,3,Chubut,44280755.44,2607266
2015,3,Córdoba,230030456.89,20875717
2015,3,Corrientes,19979796.02,1361905
2015,3,Entre Ríos,48060193.62,2960788
2015,3,Formosa,15050176.03,853686
2015,3,Jujuy,13710037.34,1347422
2015,3,La Pampa,17923803.61,3053483
2015,3,La Rioja,9411637.01,891311
2015,3,Mendoza,71844254.85,6008850
2015,3,Misiones,22955416.12,796960
2015,3,Neuquén,49219627.12,2402230
2015,3,Río Negro,38296125.9,2223073
2015,3,Salta,23795720.49,1814355
2015,3,San Juan,19461150.79,1420659
2015,3,San Luis,13751392.71,736057
2015,3,Santa Cruz,25781229.12,886754
2015,3,Santa Fe,195740360.1,10033090
2015,3,Santiago del Estero,27927057.7,3019284
2015,3,Tierra del Fuego,11278764.35,615496
2015,3,Tucumán,49698873.44,5171349
2015,4,Buenos Aires,455061299.48,42879104
2015,4,CABA y GBA,3013617438.52,174242649
2015,4,Catamarca,11049798.12,570925
2015,4,Chaco,42615380.28,4545267
2015,4,Chubut,49416325.84,2310184
2015,4,Córdoba,218665720.44,18688107
2015,4,Corrientes,21640600.07,1329409
2015,4,Entre Ríos,53262574.21,3291962
2015,4,Formosa,8963514.54,435277
2015,4,Jujuy,11704512.27,1337237
2015,4,La Pampa,18595973.65,3101535
2015,4,La Rioja,9293308.02,412495
2015,4,Mendoza,75368672.02,6581656
2015,4,Misiones,26651723.51,892104
2015,4,Neuquén,50308261.85,2628365
2015,4,Río Negro,35946096.32,1608786
2015,4,Salta,30795877.5,1597561
2015,4,San Juan,20653922.11,1149351
2015,4,San Luis,13059213.84,903800
2015,4,Santa Cruz,26232254.48,914800
2015,4,Santa Fe,212550365.28,11723972
2015,4,Santiago del Estero,21206292.68,2755939
2015,4,Tierra del Fuego,11295445.3,500662
2015,4,Tucumán,51630322.14,5542456
2016,1,Buenos Aires,559529145.8,58433871
2016,1,CABA y GBA,2618265637.7,162510798
2016,1,Catamarca,11201194.76,571776
2016,1,Chaco,36510342.41,3655979
2016,1,Chubut,43886247.81,1937417
2016,1,Córdoba,244940504.6,20293917
2016,1,Corrientes,19597084.89,1345857
2016,1,Entre Ríos,50217919.6,3114431
2016,1,Formosa,15044748.53,701718
2016,1,Jujuy,11506326.99,1694033
2016,1,La Pampa,18398763.82,2706151
2016,1,La Rioja,11298504.12,590953
2016,1,Mendoza,87840011.94,7338427
2016,1,Misiones,22152677.47,2476215
2016,1,Neuquén,43052101.72,2598461
2016,1,Río Negro,31612871.14,1628255
2016,1,Salta,21684015.04,2039304
2016,1,San Juan,18313528.39,1390042
2016,1,San Luis,15286773.96,1018631
2016,1,Santa Cruz,19704359.32,628793
2016,1,Santa Fe,201108100.16,12354263
2016,1,Santiago del Estero,17984134.53,2332327
2016,1,Tierra del Fuego,13232275.44,608131
2016,1,Tucumán,48685511.19,5434454
2016,2,Buenos Aires,522982309.44,56327508
2016,2,CABA y GBA,3131129287.42,186742815
2016,2,Catamarca,11653463.94,577008
2016,2,Chaco,43659020.39,4036761
2016,2,Chubut,47993987.47,2079627
2016,2,Córdoba,276556857.88,19276170
2016,2,Corrientes,27697939.86,1537272
2016,2,Entre Ríos,59848706.07,3454823
2016,2,Formosa,14132555.84,969308
2016,2,Jujuy,15756074.81,1306378
2016,2,La Pampa,19409187.35,2683193
2016,2,La Rioja,10604940.03,466339
2016,2,Mendoza,82694423.64,5965326
2016,2,Misiones,27107811.16,781492
2016,2,Neuquén,45934361.39,2674472
2016,2,Río Negro,32028474.34,1737031
2016,2,Salta,30024508.39,1391059
2016,2,San Juan,22005304.86,1377513
2016,2,San Luis,14692403.45,999065
2016,2,Santa Cruz,21391828.71,585415
2016,2,Santa Fe,253955774.49,12231572
2016,2,Santiago del Estero,23379167.78,3125040
2016,2,Tierra del Fuego,13821631.7,586117
2016,2,Tucumán,54216058.9,4924069
2016,3,Buenos Aires,667826254.5,56316752
2016,3,CABA y GBA,3183055371.08,170794423
2016,3,Catamarca,14140687.55,594587
2016,3,Chaco,48658808.52,3999391
2016,3,Chubut,49256957.03,1780453
2016,3,Córdoba,280542782.79,16284111
2016,3,Corrientes,29312264.1,1394564
2016,3,Entre Ríos,58908212.18,3160613
2016,3,Formosa,17762654.66,1213420
2016,3,Jujuy,15744017.06,1342383
2016,3,La Pampa,23841286.06,2531532
2016,3,La Rioja,12398246.23,513036
2016,3,Mendoza,84169206,5874590
2016,3,Misiones,33178996.51,750639
2016,3,Neuquén,54118794.86,2566628
2016,3,Río Negro,35853488.9,1700035
2016,3,Salta,34030045.02,1295999
2016,3,San Juan,23659970.17,1100067
2016,3,San Luis,17824264.59,955985
2016,3,Santa Cruz,22698514.57,547842
2016,3,Santa Fe,255363810,11345682
2016,3,Santiago del Estero,29709094.6,3375627
2016,3,Tierra del Fuego,15166799.29,457349
2016,3,Tucumán,64024718.15,4967940
2016,4,Buenos Aires,796910476.06,53348359
2016,4,CABA y GBA,3552801731.23,171833933
2016,4,Catamarca,14678182.97,706249
2016,4,Chaco,50440326.46,3576101
2016,4,Chubut,53745724.86,2231926
2016,4,Córdoba,337495103.63,16392537
2016,4,Corrientes,27020292.22,1259467
2016,4,Entre Ríos,70961735.42,3479789
2016,4,Formosa,19602749.16,1063990
2016,4,Jujuy,16256529.2,1356139
2016,4,La Pampa,21534707.49,2569787
2016,4,La Rioja,12502814.21,441307
2016,4,Mendoza,106462966.57,6876780
2016,4,Misiones,38215640.74,727397
2016,4,Neuquén,56274698.99,2870148
2016,4,Río Negro,44818647.58,1999995
2016,4,Salta,37680611.7,1456380
2016,4,San Juan,18201879.8,836616
2016,4,San Luis,18286467.97,1046348
2016,4,Santa Cruz,23116202.74,598335
2016,4,Santa Fe,289873608.01,11604885
2016,4,Santiago del Estero,34253731.1,3120652
2016,4,Tierra del Fuego,15111487.77,594641
2016,4,Tucumán,70427672.96,5235236
2017,1,Buenos Aires,962789014.95,64372891
2017,1,CABA y GBA,3292784104.79,163888601
2017,1,Catamarca,13990556.98,684062
2017,1,Chaco,52865419.35,3331458
2017,1,Chubut,51485580.82,1773551
2017,1,Córdoba,319060909.57,16209797
2017,1,Corrientes,27465489.78,1274279
2017,1,Entre Ríos,65532274.08,3293483
2017,1,Formosa,19404285.66,899164
2017,1,Jujuy,16969410.45,1404308
2017,1,La Pampa,22335685.3,2766396
2017,1,La Rioja,13656995.02,563048
2017,1,Mendoza,122716703.42,7464489
2017,1,Misiones,38211809.25,678185
2017,1,Neuquén,53632477.84,2841919
2017,1,Río Negro,44407593.1,1787577
2017,1,Salta,39662178.8,1369258
2017,1,San Juan,24768828.14,1939533
2017,1,San Luis,21478100.65,1008070
2017,1,Santa Cruz,21706528.93,527292
2017,1,Santa Fe,291886868.75,12124621
2017,1,Santiago del Estero,23975394.43,1998279
2017,1,Tierra del Fuego,15456568.82,523959
2017,1,Tucumán,63358729.72,4022200
2017,2,Buenos Aires,958891642.05,59308770
2017,2,CABA y GBA,3673895123.73,163891623
2017,2,Catamarca,22692951.32,826549
2017,2,Chaco,59527103.65,3477390
2017,2,Chubut,55289999.68,1532656
2017,2,Córdoba,307256151.02,14100357
2017,2,Corrientes,35345590.85,1474800
2017,2,Entre Ríos,71943598.26,3358919
2017,2,Formosa,22501674.57,907396
2017,2,Jujuy,20286259.82,1289260
2017,2,La Pampa,24679663.43,2182016
2017,2,La Rioja,15200053.8,462776
2017,2,Mendoza,127555318.05,7555593
2017,2,Misiones,48623874.14,730499
2017,2,Neuquén,59494459.68,2405433
2017,2,Río Negro,65863722.28,2078245
2017,2,Salta,51311169.39,1497736
2017,2,San Juan,24572175.63,1600281
2017,2,San Luis,23493142.25,998206
2017,2,Santa Cruz,27088859.06,457506
2017,2,Santa Fe,324975413.87,11406920
2017,2,Santiago del Estero,33947554.8,2863675
2017,2,Tierra del Fuego,20021889.98,473738
2017,2,Tucumán,73299812.23,4485752
2017,3,Buenos Aires,1189720747.77,65417037
2017,3,CABA y GBA,3619999281.36,156208670
2017,3,Catamarca,23208053.24,768643
2017,3,Chaco,66682123.66,3866462
2017,3,Chubut,58570324.73,1540995
2017,3,Córdoba,352737749.06,16578978
2017,3,Corrientes,43777773.25,1311588
2017,3,Entre Ríos,73936569.07,2700342
2017,3,Formosa,30079846.58,1363223
2017,3,Jujuy,20319415.19,1264297
2017,3,La Pampa,27350526.96,2570785
2017,3,La Rioja,17882415.03,602573
2017,3,Mendoza,120027913.58,6165359
2017,3,Misiones,51451646.2,675022
2017,3,Neuquén,59354108.86,2214634
2017,3,Río Negro,75076827.65,1778988
2017,3,Salta,42916283.46,1356321
2017,3,San Juan,30501994.25,1784356
2017,3,San Luis,25388085.55,996282
2017,3,Santa Cruz,27580882.26,446378
2017,3,Santa Fe,333679027.02,10654470
2017,3,Santiago del Estero,36872519.36,2310792
2017,3,Tierra del Fuego,22315568.71,505709
2017,3,Tucumán,76331337.06,4224762
2017,4,Buenos Aires,1083543719.52,58015145
2017,4,CABA y GBA,3979411305.8,151551946
2017,4,Catamarca,23274775.17,723076
2017,4,Chaco,66364956.32,3921882
2017,4,Chubut,60741643.77,1826531
2017,4,Córdoba,336833306.56,15593171
2017,4,Corrientes,33871082.33,1179161
2017,4,Entre Ríos,72916244.21,2586952
2017,4,Formosa,27808304.21,1086562
2017,4,Jujuy,23036841,1431740
2017,4,La Pampa,27159917.75,1171287
2017,4,La Rioja,14723280.92,425917
2017,4,Mendoza,109824828.39,4513959
2017,4,Misiones,40860092.91,594773
2017,4,Neuquén,69955694.74,2330076
2017,4,Río Negro,73254653.59,2016416
2017,4,Salta,46794211.5,1767629
2017,4,San Juan,25183851.12,1490017
2017,4,San Luis,19440816.16,497842
2017,4,Santa Cruz,31858891.82,499495
2017,4,Santa Fe,335148113.54,9740615
2017,4,Santiago del Estero,36677447.35,2789994
2017,4,Tierra del Fuego,19080098.66,415127
2017,4,Tucumán,64682163.72,3549250
2018,1,Buenos Aires,1135620294.13,66543456
2018,1,CABA y GBA,4008293829.32,147675321
2018,1,Catamarca,20019470.87,714380
2018,1,Chaco,68817050.37,4051236
2018,1,Chubut,56713793.1,1573504
2018,1,Córdoba,432968026.23,16982603
2018,1,Corrientes,31831129.3,1172304
2018,1,Entre Ríos,77166916.85,2622859
2018,1,Formosa,27440369.41,1080862
2018,1,Jujuy,24630487.72,1503337
2018,1,La Pampa,30438649.09,1250891
2018,1,La Rioja,18788213.24,581155
2018,1,Mendoza,155746441.9,5875945
2018,1,Misiones,49046536.79,563106
2018,1,Neuquén,62458582.54,2777213
2018,1,Río Negro,52900966.07,1986306
2018,1,Salta,49111358.7,1744816
2018,1,San Juan,29186649.48,1692635
2018,1,San Luis,24937172.91,498407
2018,1,Santa Cruz,27381281.79,526186
2018,1,Santa Fe,357929505.76,10822399
2018,1,Santiago del Estero,40010941.89,2800461
2018,1,Tierra del Fuego,19029656.83,550806
2018,1,Tucumán,75247640.02,3567768
2018,2,Buenos Aires,1194519396.51,55133606
2018,2,CABA y GBA,4142707894.83,144886744
2018,2,Catamarca,23940196.87,696700
2018,2,Chaco,73941609.9,4012149
2018,2,Chubut,59877014.56,1381489
2018,2,Córdoba,374537358.5,17429201
2018,2,Corrientes,41034493.39,1237230
2018,2,Entre Ríos,95123979.61,2654511
2018,2,Formosa,30866044.5,947320
2018,2,Jujuy,33615255.71,1490417
2018,2,La Pampa,36599610.49,1210147
2018,2,La Rioja,19249426.64,402966
2018,2,Mendoza,155229605.52,7607283
2018,2,Misiones,56541360.47,658690
2018,2,Neuquén,70579129.09,2100157
2018,2,Rio Negro,57630899.57,1561230
2018,2,Salta,60564902.94,1652590
2018,2,San Juan,27826687.3,1433315
2018,2,San Luis,26145175,894701
2018,2,Santa Cruz,30190012.68,420543
2018,2,Santa Fe,376555183.15,11698740
2018,2,Santiago del Estero,46342609.61,2861141
2018,2,Tierra del Fuego,17276528.06,337259
2018,2,Tucumán,83016579.15,3752417
2018,3,Buenos Aires,1197931579.19,53520647
2018,3,CABA y GBA,4890625734.86,129764362
2018,3,Catamarca,24185278.51,629109
2018,3,Chaco,83211018.41,4145504
2018,3,Chubut,65376752.48,1203178
2018,3,Córdoba,357532951.79,14897240
2018,3,Corrientes,39845241.59,1155173
2018,3,Entre Ríos,100856953.43,2639346
2018,3,Formosa,32469321.72,990528
2018,3,Jujuy,33575362.81,1584487
2018,3,La Pampa,37071829.78,1189199
2018,3,La Rioja,26132816.07,672579
2018,3,Mendoza,169375961.01,7054530
2018,3,Misiones,61397700.96,634257
2018,3,Neuquén,72260094.63,2055502
2018,3,Rio Negro,61904361.12,1556135
2018,3,Salta,60726589.28,1884057
2018,3,San Juan,34852188.69,1670059
2018,3,San Luis,28448874.21,749923
2018,3,Santa Cruz,30380513.42,405582
2018,3,Santa Fe,388347377.13,10449315
2018,3,Santiago del Estero,50608926.02,2814496
2018,3,Tierra del Fuego,20085629.21,359411
2018,3,Tucumán,87876247.35,3709272
2018,4,Buenos Aires,1330179327.69,50649786
2018,4,CABA y GBA,4850915599.38,132621822
2018,4,Catamarca,26157465.54,583910
2018,4,Chaco,69620533.43,2807201
2018,4,Chubut,65892241.24,1104029
2018,4,Córdoba,431532345.1,13440007
2018,4,Corrientes,45411423.75,976421
2018,4,Entre Ríos,102026998.31,2303894
2018,4,Formosa,41267238.42,894639
2018,4,Jujuy,34760458.2,1339050
2018,4,La Pampa,38892882.74,2498952
2018,4,La Rioja,21526422.93,320137
2018,4,Mendoza,158549006.63,5677161
2018,4,Misiones,61179594.54,574717
2018,4,Neuquén,75654681.97,1867097
2018,4,Rio Negro,70020713.09,1458129
2018,4,Salta,59937660.6,1549585
2018,4,San Juan,35934440.09,1504343
2018,4,San Luis,32422599.2,1086424
2018,4,Santa Cruz,34899170.28,354245
2018,4,Santa Fe,430011375.48,10262532
2018,4,Santiago del Estero,48791637.76,2647171
2018,4,Tierra del Fuego,23336765.52,289508
2018,4,Tucumán,94624280.72,3622835
2019,1,Buenos Aires,1345187716.33,56854264
2019,1,CABA y GBA,5071941938.47,131807920
2019,1,Catamarca,26852680.45,610091
2019,1,Chaco,70798748.65,3250601
2019,1,Chubut,67019964.26,909440
2019,1,Córdoba,502446216.25,12787230
2019,1,Corrientes,45640352.29,934668
2019,1,Entre Ríos,106783917.05,2356452
2019,1,Formosa,43744750.75,1024305
2019,1,Jujuy,39530958.53,1436621
2019,1,La Pampa,42820328.32,1188038
2019,1,La Rioja,26427034.03,496159
2019,1,Mendoza,177922552.08,6840207
2019,1,Misiones,63407189.98,524647
2019,1,Neuquén,76335425.28,1814738
2019,1,Rio Negro,72377572.53,1436589
2019,1,Salta,65600429.05,1480371
2019,1,San Juan,37288337.19,1797668
2019,1,San Luis,30192544.72,920074
2019,1,Santa Cruz,35053218,1465797
2019,1,Santa Fe,437200374.2,10335562
2019,1,Santiago del Estero,49149860.85,2825191
2019,1,Tierra del Fuego,28380515.77,248592
2019,1,Tucumán,102643374.49,3757071
2019,2,Buenos Aires,1551136708.21,58805036
2019,2,CABA y GBA,5764017410.83,133934950
2019,2,Catamarca,29216596.35,538596
2019,2,Chaco,75601062.1,2966276
2019,2,Chubut,74439284.72,918624
2019,2,Córdoba,523527338.83,11462891
2019,2,Corrientes,53564153.49,897943
2019,2,Entre Ríos,120050911.51,2406715
2019,2,Formosa,71009497.91,1404632
2019,2,Jujuy,47336531.86,1337011
2019,2,La Pampa,47932999.54,1169005
2019,2,La Rioja,26944585.07,319620
2019,2,Mendoza,207368286.72,6633901
2019,2,Misiones,74560925.04,647572
2019,2,Neuquén,89224294.78,1899949
2019,2,Rio Negro,84414418.49,1364749
2019,2,Salta,77909991.3,1482549
2019,2,San Juan,36757528.41,1554252
2019,2,San Luis,33643571.8,906925
2019,2,Santa Cruz,38872320.77,269746
2019,2,Santa Fe,486462101.92,9530947
2019,2,Santiago del Estero,68015172.05,2853764
2019,2,Tierra del Fuego,23484277.47,205655
2019,2,Tucumán,129520633.09,3938569
2019,3,Buenos Aires,2101007731.67,58486139
2019,3,CABA y GBA,6386810214.93,148455168
2019,3,Catamarca,28722041.68,616134
2019,3,Chaco,116178982.67,3434803
2019,3,Chubut,77746605.87,925720
2019,3,Córdoba,561450590.71,13002408
2019,3,Corrientes,60948475.78,830489
2019,3,Entre Ríos,136890476.18,2713103
2019,3,Formosa,61585145.11,1080524
2019,3,Jujuy,47880350.24,1325447
2019,3,La Pampa,52522450.6,1124252
2019,3,La Rioja,28967318.89,309804
2019,3,Mendoza,220491779.82,7598012
2019,3,Misiones,83570352.56,657325
2019,3,Neuquén,97451277.64,1918158
2019,3,Rio Negro,94164466.05,1380431
2019,3,Salta,106346708.86,2073956
2019,3,San Juan,39108972.45,1502679
2019,3,San Luis,35479988.09,2060126
2019,3,Santa Cruz,40129105.22,261278
2019,3,Santa Fe,552976275.38,9073329
2019,3,Santiago del Estero,65098558.73,2453975
2019,3,Tierra del Fuego,25208932.98,191907
2019,3,Tucumán,138887023.26,3847414
2019,4,Buenos Aires,1816269198.74,61424650
2019,4,CABA y GBA,6831564482.52,134742191
2019,4,Catamarca,32083550.96,531723
2019,4,Chaco,116804186.41,3551015
2019,4,Chubut,102437674.66,845744
2019,4,Córdoba,615355794.85,12471908
2019,4,Corrientes,66154634.41,665657
2019,4,Entre Ríos,154500453.9,2613223
2019,4,Formosa,51206153.31,805069
2019,4,Jujuy,54038545.12,1387884
2019,4,La Pampa,59617675.72,1103522
2019,4,La Rioja,34653083.76,302423
2019,4,Mendoza,256395466.55,7449499
2019,4,Misiones,92108728.74,581211
2019,4,Neuquén,133526179.31,1863072
2019,4,Rio Negro,169412602.45,1688334
2019,4,Salta,96559226.83,1454881
2019,4,San Juan,44069265.36,1398362
2019,4,San Luis,56103635.21,871431
2019,4,Santa Cruz,57300263.38,274761
2019,4,Santa Fe,604585895.14,9532240
2019,4,Santiago del Estero,83859381.15,2756158
2019,4,Tierra del Fuego,26111394.58,172094
2019,4,Tucumán,154559381.56,3899655
2020,1,Buenos Aires,1673145774.01,50762381
2020,1,CABA y GBA,7075405747.75,118251035
2020,1,Catamarca,31561894.53,495441
2020,1,Chaco,94964648.9,3100282
2020,1,Chubut,97386815.27,1325968
2020,1,Córdoba,624202200.6,14713087
2020,1,Corrientes,67164280.18,772451
2020,1,Entre Ríos,153518097.15,2331018
2020,1,Formosa,48940316.42,2422983
2020,1,Jujuy,52215586.2,1385975
2020,1,La Pampa,58869474.91,780215
2020,1,La Rioja,34262099.03,1316614
2020,1,Mendoza,244555902.31,11800144
2020,1,Misiones,87277406.36,500413
2020,1,Neuquén,120558880.32,1572584
2020,1,Rio Negro,126739028.36,1139491
2020,1,Salta,91638828.79,1629029
2020,1,San Juan,47466068.94,1192946
2020,1,San Luis,51957993.99,600797
2020,1,Santa Cruz,50355130.49,522887
2020,1,Santa Fe,582668438.77,7686554
2020,1,Santiago del Estero,64053629,2338854
2020,1,Tierra del Fuego,23163050.47,139238
2020,1,Tucumán,143466148.9,3694771
2020,2,Buenos Aires,2108906300.8,50655716
2020,2,CABA y GBA,7484276008.45,108377849
2020,2,Catamarca,30404841.57,429758
2020,2,Chaco,117231717.05,3234728
2020,2,Chubut,75546184.81,597766
2020,2,Córdoba,540452801.39,7062384
2020,2,Corrientes,71055621.41,533732
2020,2,Entre Ríos,154915178.85,2326467
2020,2,Formosa,41716072.55,2384662
2020,2,Jujuy,46871740.74,1205545
2020,2,La Pampa,52505815.41,856982
2020,2,La Rioja,31043464.09,236516
2020,2,Mendoza,294395221.85,8483470
2020,2,Misiones,63810317.83,342382
2020,2,Neuquén,109920043.03,1391662
2020,2,Rio Negro,116046483.94,1017574
2020,2,Salta,93846399.23,1346904
2020,2,San Juan,46489032.1,1154000
2020,2,San Luis,53528142.45,657319
2020,2,Santa Cruz,39242906.09,160078
2020,2,Santa Fe,671373615.57,7148226
2020,2,Santiago del Estero,71002600.39,2619307
2020,2,Tierra del Fuego,21363217.33,104353
2020,2,Tucumán,135034627.16,2715481
2020,3,Buenos Aires,2855936270.47,47694528
2020,3,CABA y GBA,9473108997.75,98340107
2020,3,Catamarca,60752487.23,586665
2020,3,Chaco,182053622.59,1783909
2020,3,Chubut,135666064.28,813334
2020,3,Córdoba,876134661.61,13470271
2020,3,Corrientes,136228165.46,866233
2020,3,Entre Ríos,224268362.2,3011251
2020,3,Formosa,43072596.27,1980278
2020,3,Jujuy,75978234.43,1497996
2020,3,La Pampa,80920876.3,1049860
2020,3,La Rioja,49491619.66,437914
2020,3,Mendoza,368947327.48,6066487
2020,3,Misiones,146477116.45,771163
2020,3,Neuquén,169091959.67,1499799
2020,3,Rio Negro,200408086.58,1043102
2020,3,Salta,184802719.08,1776786
2020,3,San Juan,75026194.34,1349053
2020,3,San Luis,93673628.91,503283
2020,3,Santa Cruz,67914702.86,336928
2020,3,Santa Fe,967929655.82,7439545
2020,3,Santiago del Estero,135936071.77,3235198
2020,3,Tierra del Fuego,29590666.45,139549
2020,3,Tucumán,225943764.36,3569827
2020,4,Buenos Aires,2424810124.62,45548433
2020,4,CABA y GBA,10278871149.66,95030713
2020,4,Catamarca,49244661.05,405331
2020,4,Chaco,162565045.28,3464150
2020,4,Chubut,135252595.6,856791
2020,4,Córdoba,635559127.67,4729264
2020,4,Corrientes,144831649.49,894067
2020,4,Entre Ríos,209876755.56,3001526
2020,4,Formosa,75129478.35,956137
2020,4,Jujuy,69691819.69,3440746
2020,4,La Pampa,94502546.72,1073350
2020,4,La Rioja,42424217.78,312213
2020,4,Mendoza,327332999.53,8178316
2020,4,Misiones,166075249.98,817659
2020,4,Neuquén,155190738.46,1657713
2020,4,Rio Negro,171118190.84,973596
2020,4,Salta,196120287,1710592
2020,4,San Juan,66251136.25,1225741
2020,4,San Luis,111221307.24,518894
2020,4,Santa Cruz,78872569.16,366962
2020,4,Santa Fe,870331008.73,7271012
2020,4,Santiago del Estero,120162112.58,2759402
2020,4,Tierra del Fuego,30318009.33,179963
2020,4,Tucumán,191542218.97,3319214
2021,1,Buenos Aires,2518504014.63,50579464
2021,1,CABA y GBA,9931831131.34,96740434
2021,1,Catamarca,42245508.56,390993
2021,1,Chaco,155649032.52,3657975
2021,1,Chubut,146051018.56,883886
2021,1,Córdoba,613811152.22,4886094
2021,1,Corrientes,152121851.79,902371
2021,1,Entre Ríos,217246024.09,2858418
2021,1,Formosa,71366227.1,769376
2021,1,Jujuy,66075018.13,3538458
2021,1,La Pampa,99302036.91,1139227
2021,1,La Rioja,32685936.57,262951
2021,1,Mendoza,295850510.87,9396469
2021,1,Misiones,177902461.8,811214
2021,1,Neuquén,167900570.31,1702917
2021,1,Rio Negro,181885256.4,1010267
2021,1,Salta,184807272.53,1689482
2021,1,San Juan,64183139.33,1196348
2021,1,San Luis,104456853.73,473901
2021,1,Santa Cruz,72097534.39,305524
2021,1,Santa Fe,892266986.74,7941562
2021,1,Santiago del Estero,100413912.81,2337004
2021,1,Tierra del Fuego,29809589.68,145825
2021,1,Tucumán,184749416.69,3109106
2021,2,Buenos Aires,2957855557.17,51652676
2021,2,CABA y GBA,12194321007.79,94885413
2021,2,Catamarca,37226200.49,345146
2021,2,Chaco,191186129.06,1588159
2021,2,Chubut,167507987.95,845125
2021,2,Córdoba,701011096.41,4624745
2021,2,Corrientes,290875217.41,1326449
2021,2,Entre Ríos,341727133.84,3205494
2021,2,Formosa,59942367.75,641025
2021,2,Jujuy,92874603.5,1171569
2021,2,La Pampa,104061383.74,1079229
2021,2,La Rioja,44735156.37,272969
2021,2,Mendoza,377136211,9181529
2021,2,Misiones,153819905.89,676072
2021,2,Neuquén,232800624.13,1764570
2021,2,Rio Negro,244112293.58,982175
2021,2,Salta,171298309.41,1571900
2021,2,San Juan,66220013.49,1239870
2021,2,San Luis,235469439.28,820935
2021,2,Santa Cruz,79546349.8,287515
2021,2,Santa Fe,1015532354.57,7458403
2021,2,Santiago del Estero,148716958.56,2994719
2021,2,Tierra del Fuego,37998354.19,157880
2021,2,Tucumán,198961811.35,2443978
2021,3,Buenos Aires,3303560012.44,52184251
2021,3,CABA y GBA,11702242235.73,94238623
2021,3,Catamarca,60382023.55,362660
2021,3,Chaco,218172026.07,1479494
2021,3,Chubut,273634824.62,977508
2021,3,Córdoba,780283926.01,4285880
2021,3,Corrientes,285960621.47,1039169
2021,3,Entre Ríos,506654260.12,3414144
2021,3,Formosa,83072148,770876
2021,3,Jujuy,126600377.82,1191190
2021,3,La Pampa,161140779.61,1085778
2021,3,La Rioja,47021784.26,250327
2021,3,Mendoza,309511696.72,9151619
2021,3,Misiones,424242936.81,1233485
2021,3,Neuquén,335420995.3,1887595
2021,3,Rio Negro,232035816.55,931573
2021,3,Salta,172485718.19,1485320
2021,3,San Juan,106892702.72,1270940
2021,3,San Luis,312605980.03,930919
2021,3,Santa Cruz,108698138.01,298409
2021,3,Santa Fe,1380272417.12,7523733
2021,3,Santiago del Estero,356386396.05,3246078
2021,3,Tierra del Fuego,73375592.72,211213
2021,3,Tucumán,350207440.23,2617651
2021,4,Buenos Aires,4476472023,49686553
2021,4,CABA y GBA,14384940130,89092966
2021,4,Catamarca,65733115.52,412358
2021,4,Chaco,246606708.51,1452722
2021,4,Chubut,224758516.18,821208
2021,4,Córdoba,1024916190.81,8800353
2021,4,Corrientes,292932268.9,1004795
2021,4,Entre Ríos,422928689.93,2620974
2021,4,Formosa,86855543.21,643348
2021,4,Jujuy,188187503.71,1394123
2021,4,La Pampa,149379087.44,1006807
2021,4,La Rioja,60130178.84,239479
2021,4,Mendoza,350699625.62,6715993
2021,4,Misiones,284939124.13,843114
2021,4,Neuquén,398883732.6,1499877
2021,4,Rio Negro,273823640.48,1011888
2021,4,Salta,241103004.55,1777907
2021,4,San Juan,103601769.67,1112173
2021,4,San Luis,783304213.63,1913885
2021,4,Santa Cruz,119401407.86,304623
2021,4,Santa Fe,1394941780.37,7994438
2021,4,Santiago del Estero,379393074.42,3115918
2021,4,Tierra del Fuego,72221324.4,201487
2021,4,Tucumán,241890955.42,2250601
2022,1,Buenos Aires,6793289775.48,55278602
2022,1,CABA y GBA,13182929999.9,85582159
2022,1,Catamarca,78576384.39,338557
2022,1,Chaco,245589081.29,1394509
2022,1,Chubut,393685938.57,1889150
2022,1,Córdoba,973729570.97,7439698
2022,1,Corrientes,571628180.02,1536097
2022,1,Entre Ríos,677089811.77,3778254
2022,1,Formosa,64871189.41,259962
2022,1,Jujuy,155731405.21,1284610
2022,1,La Pampa,190077543.71,972675
2022,1,La Rioja,60969902.11,233318
2022,1,Mendoza,431329080.68,5558991
2022,1,Misiones,525657159.24,1472285
2022,1,Neuquén,389179666.75,1246274
2022,1,Rio Negro,262083900.75,946928
2022,1,Salta,238847006.95,2012708
2022,1,San Juan,129564265.62,1188318
2022,1,San Luis,543310753.78,1273471
2022,1,Santa Cruz,136831805.47,323382
2022,1,Santa Fe,1653674902.11,8574756
2022,1,Santiago del Estero,429103432.95,2875347
2022,1,Tierra del Fuego,86983071.58,226115
2022,1,Tucumán,399685179.57,3158000
2022,2,Buenos Aires,4843704361.82,46307564
2022,2,CABA y GBA,22030555474.75,100453758
2022,2,Catamarca,99291545.16,346347
2022,2,Chaco,326379728.89,1476325
2022,2,Chubut,425846980.95,1080896
2022,2,Córdoba,1419841622.28,8398986
2022,2,Corrientes,703378841.13,1692702
2022,2,Entre Ríos,670785512.37,2913728
2022,2,Formosa,120581517.19,520951
2022,2,Jujuy,167929858.14,1295150
2022,2,La Pampa,204350292.1,907678
2022,2,La Rioja,88651766.1,258775
2022,2,Mendoza,549279866.62,5755864
2022,2,Misiones,765704629.53,1630519
2022,2,Neuquén,707617753.17,1781650
2022,2,Rio Negro,295924100.66,873698
2022,2,Salta,254270682.8,1663973
2022,2,San Juan,143200024.47,1191710
2022,2,San Luis,1150813801.57,2407099
2022,2,Santa Cruz,191205120.57,338337
2022,2,Santa Fe,1879860050.88,8262529
2022,2,Santiago del Estero,435717850.04,2864970
2022,2,Tierra del Fuego,154251516.23,320787
2022,2,Tucumán,349392273.76,2964390
2022,3,Buenos Aires,5758442166.78,46806935
2022,3,CABA y GBA,24901872875.72,97040719
2022,3,Catamarca,98503228.39,320971
2022,3,Chaco,373626117.58,1488906
2022,3,Chubut,457283306.63,1032406
2022,3,Córdoba,1669686410.5,8288736
2022,3,Corrientes,727717902.28,1485010
2022,3,Entre Ríos,635641507.02,2720383
2022,3,Formosa,173711340.35,700843
2022,3,Jujuy,200444475.93,1524254
2022,3,La Pampa,198799877.03,779544
2022,3,La Rioja,102187478.44,255965
2022,3,Mendoza,613010628.82,5500561
2022,3,Misiones,510977224.35,987237
2022,3,Neuquén,1198209916.46,2283687
2022,3,Rio Negro,346000313.24,892193
2022,3,Salta,453990158.91,2287788
2022,3,San Juan,171778338.54,1160526
2022,3,San Luis,2221605653.67,3454884
2022,3,Santa Cruz,201553746.98,315867
2022,3,Santa Fe,2188586532.84,8308314
2022,3,Santiago del Estero,532642233.8,3309803
2022,3,Tierra del Fuego,169370074.36,292046
2022,3,Tucumán,377940149.6,2830705
2022,4,Buenos Aires,6701673279.52,44024059
2022,4,CABA y GBA,28290389412.38,86288788
2022,4,Catamarca,106808110.61,315368
2022,4,Chaco,422115076.82,1406182
2022,4,Chubut,412571083.95,815686
2022,4,Córdoba,1956366264.91,7681947
2022,4,Corrientes,504507608.16,1002998
2022,4,Entre Ríos,694515378.28,2613912
2022,4,Formosa,151973603.19,467394
2022,4,Jujuy,234230406.38,1340500
2022,4,La Pampa,205111405.31,664403
2022,4,La Rioja,125412025.59,247261
2022,4,Mendoza,1125826817.26,6523004
2022,4,Misiones,455043240.44,781492
2022,4,Neuquén,614192062.83,1240369
2022,4,Rio Negro,536637736.95,1036152
2022,4,Salta,577654839.14,1791767
2022,4,San Juan,199439094.96,1096808
2022,4,San Luis,755588966.65,1086210
2022,4,Santa Cruz,238335008.56,292993
2022,4,Santa Fe,2522987561.3,7237163
2022,4,Santiago del Estero,391312764.43,3442248
2022,4,Tierra del Fuego,184308336.69,299167
2022,4,Tucumán,766102761.36,3375900
2023,1,Buenos Aires,7861248679.32,46490240
2023,1,CABA y GBA,36680608906.45,86325779
2023,1,Catamarca,138264727.78,329367
2023,1,Chaco,524385973.96,1536646
2023,1,Chubut,505049337.26,710547
2023,1,Córdoba,2409130891.65,7052832
2023,1,Corrientes,665814034.78,932032
2023,1,Entre Ríos,927122205.47,2962870
2023,1,Formosa,237857349.74,240782
2023,1,Jujuy,328474709.91,2223780
2023,1,La Pampa,264993683.2,732793
2023,1,La Rioja,152666727.16,256330
2023,1,Mendoza,1143620496.45,6202849
2023,1,Misiones,1111614657.42,994641
2023,1,Neuquén,826650819.99,1475419
2023,1,Rio Negro,680611110.58,969565
2023,1,Salta,863306866.43,2230944
2023,1,San Juan,235671870.2,1220659
2023,1,San Luis,980336688.03,1072766
2023,1,Santa Cruz,288457316.71,267355
2023,1,Santa Fe,3064143054.62,7751890
2023,1,Santiago del Estero,416443483.51,2799342
2023,1,Tierra del Fuego,246927236.98,258826
2023,1,Tucumán,909331499.1,2928722
2023,2,Buenos Aires,11176476397.24,46834192
2023,2,CABA y GBA,45690425883.21,87260044
2023,2,Catamarca,222209195.68,401858
2023,2,Chaco,852653720.54,1212719
2023,2,Chubut,668520538.79,815263
2023,2,Córdoba,3247249886.18,7911457
2023,2,Corrientes,1163000150.52,1211698
2023,2,Entre Ríos,1270991265.22,3150341
2023,2,Formosa,359532219.71,545167
2023,2,Jujuy,442936341.4,2307593
2023,2,La Pampa,335100652.2,690618
2023,2,La Rioja,225065112.66,277631
2023,2,Mendoza,2040257546.09,6050474
2023,2,Misiones,1098986749.8,1011791
2023,2,Neuquén,972630356.33,1477257
2023,2,Rio Negro,875620063.72,981167
2023,2,Salta,1013485041.97,1973820
2023,2,San Juan,269869046.74,473033
2023,2,San Luis,723313037.82,667321
2023,2,Santa Cruz,401925006.92,282972
2023,2,Santa Fe,3836597042.01,7115306
2023,2,Santiago del Estero,699363382.87,2853854
2023,2,Tierra del Fuego,309411885.1,254036
2023,2,Tucumán,1186096583.23,2971224
2023,3,Buenos Aires,22807842741.29,51019670
2023,3,CABA y GBA,53916461905.18,77692362
2023,3,Catamarca,258005703.42,334290
2023,3,Chaco,1158327525.37,1308405
2023,3,Chubut,873616441.21,745138
2023,3,Córdoba,4213796230.04,8674445
2023,3,Corrientes,611969874.95,594985
2023,3,Entre Ríos,1013873234.52,1591101
2023,3,Formosa,448695043.71,667081
2023,3,Jujuy,514590869.49,3556774
2023,3,La Pampa,439278052.61,660223
2023,3,La Rioja,275294837.66,265647
2023,3,Mendoza,2901282272.9,4528311
2023,3,Misiones,997563630.63,686694
2023,3,Neuquén,1153564507.7,1505623
2023,3,Rio Negro,1194544431,1005304
2023,3,Salta,1329166859.56,2133190
2023,3,San Juan,446566911.6,1292268
2023,3,San Luis,561004159.04,453385
2023,3,Santa Cruz,524613499.58,280264
2023,3,Santa Fe,5115131236.07,6678503
2023,3,Santiago del Estero,582585198.09,2783766
2023,3,Tierra del Fuego,218676900.91,172519
2023,3,Tucumán,1573621621.51,3008493
2023,4,Buenos Aires,32612889150.12,44484524
2023,4,CABA y GBA,78684957955.99,78943622
2023,4,Catamarca,397582643.83,349922
2023,4,Chaco,1262811385.58,1091937
2023,4,Chubut,1107178108.45,697578
2023,4,Córdoba,5688422006.7,8560166
2023,4,Corrientes,1523691011.88,904296
2023,4,Entre Ríos,1483253003.37,1707730
2023,4,Formosa,499515467.5,529681
2023,4,Jujuy,1019590266.35,2320705
2023,4,La Pampa,544194334.55,625639
2023,4,La Rioja,369759110.07,251770
2023,4,Mendoza,4121739514.06,3733341
2023,4,Misiones,2444832325.5,1212488
2023,4,Neuquén,1639782648.62,1535752
2023,4,Rio Negro,1447108183.17,750883
2023,4,Salta,1576982877.19,1771629
2023,4,San Juan,579142319.69,1338520
2023,4,San Luis,789827890.5,406560
2023,4,Santa Cruz,649388046.72,258585
2023,4,Santa Fe,6683325476.2,6360108
2023,4,Santiago del Estero,1042374807.22,2934800
2023,4,Tierra del Fuego,929515403.41,128456
2023,4,Tucumán,1869848568.42,2401320
2024,1,Buenos Aires,47434372592.44,43143645
2024,1,CABA y GBA,96747179388.99,67372662
2024,1,Catamarca,672594768.44,438386
2024,1,Chaco,2556985093.65,1279889
2024,1,Chubut,1988358448.01,975913
2024,1,Córdoba,9317401880.48,9177537
2024,1,Corrientes,2464349712.44,994498
2024,1,Entre Ríos,2934654879.45,1876452
2024,1,Formosa,1242722147.83,795861
2024,1,Jujuy,1743772419.83,3883426
2024,1,La Pampa,1207786084.27,821182
2024,1,La Rioja,786395967.12,405683
2024,1,Mendoza,6835329131.74,4476486
2024,1,Misiones,3437242442.82,1236476
2024,1,Neuquén,2462386219.45,1466132
2024,1,Rio Negro,3470442641.64,1467290
2024,1,Salta,4044553631.82,2703165
2024,1,San Juan,1204080885.76,1533249
2024,1,San Luis,1362728815.56,527419
2024,1,Santa Cruz,1369645393.49,589894
2024,1,Santa Fe,9494267445.52,5565709
2024,1,Santiago del Estero,1588387334.64,2628143
2024,1,Tierra del Fuego,490017000.32,141472
2024,1,Tucumán,3833089332.31,3166404
2024,2,Buenos Aires,77735949536.51,40902108
2024,2,CABA y GBA,120296837862.36,71786108
2024,2,Catamarca,949874212.24,503258
2024,2,Chaco,2097804734.25,766376
2024,2,Chubut,2936407513.6,995287
2024,2,Córdoba,15953607554.99,9717047
2024,2,Corrientes,2186241704.23,764040
2024,2,Entre Ríos,3901670672.21,2657125
2024,2,Formosa,1618337857.13,805366
2024,2,Jujuy,2133734508.49,3900180
2024,2,La Pampa,1699738166.31,724354
2024,2,La Rioja,1102197276.04,399074
2024,2,Mendoza,7942186671.47,6898994
2024,2,Misiones,4281047625.45,1103550
2024,2,Neuquén,3791817552.38,1363627
2024,2,Rio Negro,6346489553.29,1862978
2024,2,Salta,5520472435.81,2814774
2024,2,San Juan,1683706181.29,1438941
2024,2,San Luis,1785835668.98,516657
2024,2,Santa Cruz,2074292790.97,597680
2024,2,Santa Fe,12967358572.21,5720925
2024,2,Santiago del Estero,2840653367.08,4170339
2024,2,Tierra del Fuego,680531117.1,151876
2024,2,Tucumán,8468415149.14,4095801
2024,3,Buenos Aires,90994134419,39172348
2024,3,CABA y GBA,155008063424.51,68869916
2024,3,Catamarca,1287548493.91,484213
2024,3,Chaco,2493908567.2,715449
2024,3,Chubut,4300285420.84,973075
2024,3,Córdoba,21128728340.33,10823747
2024,3,Corrientes,5590959594.73,890310
2024,3,Entre Ríos,5716498750.4,1508742
2024,3,Formosa,2404057346.38,1276489
2024,3,Jujuy,2825176725.95,4015002
2024,3,La Pampa,2247736777.13,600544
2024,3,La Rioja,1323388900.53,6465917
2024,3,Mendoza,12402867957.81,2238341
2024,3,Misiones,9260655299.86,938556
2024,3,Neuquén,5450212468.99,2307101
2024,3,Rio Negro,6626337074.4,1744973
2024,3,Salta,6797826161.82,1558078
2024,3,San Juan,2131358043.24,1318545
2024,3,San Luis,2668366856.16,484014
2024,3,Santa Cruz,2909467744.64,561926
2024,3,Santa Fe,16821832685.34,5383249
2024,3,Santiago del Estero,4141717757.44,3247165
2024,3,Tierra del Fuego,785668551.78,143465
2024,3,Tucumán,8328962672.93,3832316
2024,4,Buenos Aires,108414681545.47,33815171
2024,4,CABA y GBA,198812647401.51,70240023
2024,4,Catamarca,1372558085.94,463707
2024,4,Chaco,2509920076.6,494439
2024,4,Chubut,4796308581.86,922401
2024,4,Córdoba,24593108341.74,10266470
2024,4,Corrientes,10073529243.14,1689023
2024,4,Entre Ríos,8377399601.72,1672122
2024,4,Formosa,2794277955.66,784706
2024,4,Jujuy,3040376579.87,2607964
2024,4,La Pampa,2610462109.76,633416
2024,4,La Rioja,1421973043.31,334733
2024,4,Mendoza,12607117188.44,5675350
2024,4,Misiones,8811346442.74,1327863
2024,4,Neuquén,5798939287.85,1635475
2024,4,Rio Negro,6151809265.72,1133993
2024,4,Salta,7899893830.21,2699629
2024,4,San Juan,2335368374.83,1628440
2024,4,San Luis,2775000830.69,496052
2024,4,Santa Cruz,3261428784.21,531466
2024,4,Santa Fe,20454581528.43,5358610
2024,4,Santiago del Estero,5678378538.42,3120287
2024,4,Tierra del Fuego,880136363.51,138220
2024,4,Tucumán,8190630451.7,3453885
2025,1,Buenos Aires,99240895319.6,42918663
2025,1,CABA y GBA,200812072766.94,74624557
2025,1,Catamarca,1378527669.98,430651
2025,1,Chaco,2962812583.34,834047
2025,1,Chubut,4640559523.22,886755
2025,1,Córdoba,22480711489.5,9457442
2025,1,Corrientes,3387774607.11,722098
2025,1,Entre Ríos,5010374907.17,1129929
2025,1,Formosa,2548173360.22,684110
2025,1,Jujuy,3097063087.95,2188609
2025,1,La Pampa,2509624360.83,599548
2025,1,La Rioja,1404473871.88,326539
2025,1,Mendoza,11888848402.76,6862768
2025,1,Misiones,6697373313.23,1000347
2025,1,Neuquén,5738507434.42,1259439
2025,1,Rio Negro,6572894679.57,1192658
2025,1,Salta,8735126621.62,2700407
2025,1,San Juan,2297043220.39,1306808
2025,1,San Luis,2644673827.53,732298
2025,1,Santa Cruz,3146928212.63,519111
2025,1,Santa Fe,19842937762.39,5445667
2025,1,Santiago del Estero,2741935322.78,2894869
2025,1,Tierra del Fuego,803999822.85,125842
2025,1,Tucumán,8526433002.53,3743558
2025,2,Buenos Aires,137861272198.29,43979788
2025,2,CABA y GBA,221277840718.35,74186231
2025,2,Catamarca,1533068791.94,429862
2025,2,Chaco,3691866153.33,891076
2025,2,Chubut,5116087135.76,870800
2025,2,Córdoba,26506703587.35,8790092
2025,2,Corrientes,3810666309.59,767330
2025,2,Entre Ríos,6903074099.66,912622
2025,2,Formosa,2877655789.53,2275260
2025,2,Jujuy,3485540096.51,2104284
2025,2,La Pampa,2806583170.32,560145
2025,2,La Rioja,1719579337.08,5823070
2025,2,Mendoza,14950664735.12,1499863
2025,2,Misiones,8288607009.06,837851
2025,2,Neuquén,7128718807.74,2222841
2025,2,Rio Negro,6861094292.61,1782088
2025,2,Salta,10400799490.5,1239513
2025,2,San Juan,3039719488.46,1365807
2025,2,San Luis,2883654593.44,543658
2025,2,Santa Cruz,3532342027.8,509816
2025,2,Santa Fe,23946469656.86,5508967
2025,2,Santiago del Estero,4292733850.34,3411959
2025,2,Tierra del Fuego,1385319623.46,187664
2025,2,Tucumán,9403742557.71,3283817
2025,3,Buenos Aires,165447819134.37,38797717
2025,3,CABA y GBA,236428420015.45,68762254
2025,3,Catamarca,1719861598.29,418717
2025,3,Chaco,3630383828.68,4133377
2025,3,Chubut,5161455912.89,852600
2025,3,Córdoba,27063800298.68,8479997
2025,3,Corrientes,4891287199.65,591763
2025,3,Entre Ríos,7453855127.6,991795
2025,3,Formosa,2750546360.04,2236622
2025,3,Jujuy,3752059849.16,3623248
2025,3,La Pampa,3084901353.77,527381
2025,3,La Rioja,1740202655.27,5874957
2025,3,Mendoza,15651111566.06,1391175
2025,3,Misiones,8048089830.29,822336
2025,3,Neuquén,7434113245.51,2063657
2025,3,Rio Negro,7427953245.96,1703644
2025,3,Salta,9973089034,1218753
2025,3,San Juan,3287828603.73,2067226
2025,3,San Luis,2923192169.32,500719
2025,3,Santa Cruz,3482325350.8,482442
2025,3,Santa Fe,24853753617.13,5214340
2025,3,Santiago del Estero,4447833379.11,2965910
2025,3,Tierra del Fuego,1737559241.9,236566
2025,3,Tucumán,10448354967.19,3251442
2025,4,Buenos Aires,183823122573.03,38065084
2025,4,CABA y GBA,231971772748.4,67964545
2025,4,Catamarca,1657791840.33,397973
2025,4,Chaco,3942301327.46,966050
2025,4,Chubut,5227394100.85,780990
2025,4,Córdoba,26604126527.87,5028329
2025,4,Corrientes,3528029293.94,726526
2025,4,Entre Ríos,8408984996.58,767561
2025,4,Formosa,3057815270.19,2345134
2025,4,Jujuy,3702801514.54,1428017
2025,4,La Pampa,3071205004.85,492266
2025,4,La Rioja,1814092013.34,5536645
2025,4,Mendoza,14101819072.09,1285246
2025,4,Misiones,7640893015.53,804402
2025,4,Neuquén,8005468659.53,1958532
2025,4,Rio Negro,8445592800.9,1612249
2025,4,Salta,8827627030.09,1149790
2025,4,San Juan,3204638630.58,1198298
2025,4,San Luis,2929947451.32,486560
2025,4,Santa Cruz,3555425813.84,455789
2025,4,Santa Fe,24849384197.49,4922644
2025,4,Santiago del Estero,3252271142.71,2381071
2025,4,Tierra del Fuego,1665917472.93,224553
2025,4,Tucumán,11437236660.5,3143402
