anio,trimestre,provincia,hogres,comercial,gobierno,otros,total
2014,1,Buenos Aires,3622153,488810,14179,260266,4385408
2014,1,Capital Federal,1325588,178888,5189,95249,1604914
2014,1,Catamarca,32476,4382,127,2333,39318
2014,1,Chaco,84607,11418,331,6079,102435
2014,1,Chubut,80618,10880,316,5793,97607
2014,1,Córdoba,612460,82651,2397,44007,741515
2014,1,Corrientes,84748,11437,332,6090,102607
2014,1,Entre Ríos,184607,24913,723,13265,223508
2014,1,Formosa,34856,4704,136,2505,42201
2014,1,Jujuy,46214,6237,181,3321,55953
2014,1,La Pampa,59500,8030,233,4275,72038
2014,1,La Rioja,32728,4417,128,2352,39625
2014,1,Mendoza,264647,35714,1036,19016,320413
2014,1,Misiones,91696,12374,359,6589,111018
2014,1,Neuquén,76593,10336,300,5503,92732
2014,1,Río Negro,100180,13519,392,7198,121289
2014,1,Salta,116328,15699,455,8359,140841
2014,1,San Juan,76369,10306,299,5487,92461
2014,1,San Luis,42205,5695,165,3032,51097
2014,1,Santa Cruz,33555,4528,131,2411,40625
2014,1,Santa Fe,636284,85867,2491,45719,770361
2014,1,Santiago del Estero,58409,7882,229,4197,70717
2014,1,Tierra del Fuego,26951,3637,106,1937,32631
2014,1,Tucumán,174209,23509,682,12517,210917
2014,2,Buenos Aires,3610509,492119,14373,262381,4379382
2014,2,Capital Federal,1321143,180074,5259,96009,1602485
2014,2,Catamarca,32442,4422,129,2358,39351
2014,2,Chaco,84347,11497,336,6130,102310
2014,2,Chubut,80467,10968,320,5848,97603
2014,2,Córdoba,607696,82830,2419,44162,737107
2014,2,Corrientes,84609,11533,337,6149,102628
2014,2,Entre Ríos,184487,25146,734,13407,223774
2014,2,Formosa,34829,4747,139,2531,42246
2014,2,Jujuy,46323,6314,184,3366,56187
2014,2,La Pampa,60049,8185,239,4364,72837
2014,2,La Rioja,32543,4436,130,2365,39474
2014,2,Mendoza,264109,35998,1051,19193,320351
2014,2,Misiones,91434,12463,364,6645,110906
2014,2,Neuquén,76501,10427,305,5559,92792
2014,2,Río Negro,99963,13625,398,7264,121250
2014,2,Salta,116346,15858,463,8455,141122
2014,2,San Juan,76210,10388,303,5538,92439
2014,2,San Luis,42123,5741,168,3061,51093
2014,2,Santa Cruz,33577,4577,134,2440,40728
2014,2,Santa Fe,632973,86275,2520,45999,767767
2014,2,Santiago del Estero,58218,7935,232,4231,70616
2014,2,Tierra del Fuego,26902,3667,107,1955,32631
2014,2,Tucumán,174709,23813,695,12696,211913
2014,3,Buenos Aires,3631816,500343,14902,258701,4405762
2014,3,Capital Federal,1324771,182509,5436,94366,1607082
2014,3,Catamarca,32522,4481,133,2317,39453
2014,3,Chaco,87267,12023,358,6216,105864
2014,3,Chubut,80845,11138,332,5759,98074
2014,3,Córdoba,604343,83258,2480,43049,733130
2014,3,Corrientes,86971,11982,357,6195,105505
2014,3,Entre Ríos,190061,26184,780,13538,230563
2014,3,Formosa,34878,4805,143,2484,42310
2014,3,Jujuy,46464,6401,191,3310,56366
2014,3,La Pampa,59480,8194,244,4237,72155
2014,3,La Rioja,32457,4471,133,2312,39373
2014,3,Mendoza,263975,36367,1083,18803,320228
2014,3,Misiones,92324,12719,379,6576,111998
2014,3,Neuquén,76477,10536,314,5448,92775
2014,3,Río Negro,100033,13781,410,7126,121350
2014,3,Salta,116488,16048,478,8298,141312
2014,3,San Juan,76709,10568,315,5464,93056
2014,3,San Luis,41858,5767,172,2982,50779
2014,3,Santa Cruz,33810,4658,139,2408,41015
2014,3,Santa Fe,636998,87757,2614,45375,772744
2014,3,Santiago del Estero,58296,8031,239,4153,70719
2014,3,Tierra del Fuego,26954,3713,111,1920,32698
2014,3,Tucumán,175548,24185,720,12505,212958
2014,4,Buenos Aires,3680053,509659,15264,258163,4463139
2014,4,Capital Federal,1331781,184442,5524,93427,1615174
2014,4,Catamarca,32506,4502,135,2280,39423
2014,4,Chaco,86890,12033,360,6095,105378
2014,4,Chubut,82093,11369,341,5759,99562
2014,4,Córdoba,603505,83581,2503,42337,731926
2014,4,Corrientes,86758,12015,360,6086,105219
2014,4,Entre Ríos,189685,26270,787,13307,230049
2014,4,Formosa,34741,4811,144,2437,42133
2014,4,Jujuy,46550,6447,193,3266,56456
2014,4,La Pampa,60244,8343,250,4226,73063
2014,4,La Rioja,32291,4472,134,2265,39162
2014,4,Mendoza,270148,37414,1121,18952,327635
2014,4,Misiones,92171,12765,382,6466,111784
2014,4,Neuquén,77426,10723,321,5432,93902
2014,4,Río Negro,101720,14087,422,7136,123365
2014,4,Salta,116435,16125,483,8168,141211
2014,4,San Juan,78443,10864,325,5503,95135
2014,4,San Luis,42247,5851,175,2964,51237
2014,4,Santa Cruz,34237,4742,142,2402,41523
2014,4,Santa Fe,635273,87981,2635,44566,770455
2014,4,Santiago del Estero,58150,8053,241,4079,70523
2014,4,Tierra del Fuego,27137,3758,113,1904,32912
2014,4,Tucumán,175620,24322,728,12320,212990
2015,1,Buenos Aires,3979224,540095,17562,265115,4801996
2015,1,Capital Federal,1354140,183795,5976,90219,1634130
2015,1,Catamarca,32436,4402,143,2161,39142
2015,1,Chaco,86388,11725,381,5756,104250
2015,1,Chubut,86414,11729,381,5757,104281
2015,1,Córdoba,604164,82002,2666,40252,729084
2015,1,Corrientes,89938,12207,397,5992,108534
2015,1,Entre Ríos,190458,25851,841,12689,229839
2015,1,Formosa,34683,4707,153,2311,41854
2015,1,Jujuy,46775,6349,206,3116,56446
2015,1,La Pampa,63693,8645,281,4243,76862
2015,1,La Rioja,32237,4375,142,2148,38902
2015,1,Mendoza,280993,38139,1240,18721,339093
2015,1,Misiones,91589,12431,404,6102,110526
2015,1,Neuquén,79633,10809,351,5306,96099
2015,1,Río Negro,105523,14323,466,7031,127343
2015,1,Salta,116796,15853,515,7782,140946
2015,1,San Juan,81490,11061,360,5429,98340
2015,1,San Luis,43123,5853,190,2873,52039
2015,1,Santa Cruz,47801,6488,211,3185,57685
2015,1,Santa Fe,635174,86211,2803,42318,766506
2015,1,Santiago del Estero,58091,7884,256,3870,70101
2015,1,Tierra del Fuego,27697,3759,122,1845,33423
2015,1,Tucumán,175896,23874,776,11719,212265
2015,2,Buenos Aires,3872029,515120,16074,262733,4665956
2015,2,Capital Federal,1373106,182673,5700,93171,1654650
2015,2,Catamarca,32481,4321,135,2204,39141
2015,2,Chaco,86506,11508,359,5870,104243
2015,2,Chubut,89302,11880,371,6059,107612
2015,2,Córdoba,600954,79949,2495,40777,724175
2015,2,Corrientes,90063,11982,374,6111,108530
2015,2,Entre Ríos,190718,25372,792,12941,229823
2015,2,Formosa,34728,4620,144,2356,41848
2015,2,Jujuy,46840,6231,194,3178,56443
2015,2,La Pampa,64816,8623,269,4398,78106
2015,2,La Rioja,32283,4295,134,2191,38903
2015,2,Mendoza,290717,38676,1207,19726,350326
2015,2,Misiones,91719,12202,381,6224,110526
2015,2,Neuquén,81082,10787,337,5502,97708
2015,2,Río Negro,109062,14509,453,7400,131424
2015,2,Salta,116971,15561,486,7937,140955
2015,2,San Juan,83628,11126,347,5674,100775
2015,2,San Luis,43866,5836,182,2976,52860
2015,2,Santa Cruz,48876,6502,203,3316,58897
2015,2,Santa Fe,634414,84400,2634,43048,764496
2015,2,Santiago del Estero,58175,7739,241,3947,70102
2015,2,Tierra del Fuego,28369,3774,118,1925,34186
2015,2,Tucumán,176078,23425,731,11948,212182
2015,3,Buenos Aires,3922463,513849,16521,260299,4713132
2015,3,Capital Federal,1354386,177427,5704,89878,1627395
2015,3,Catamarca,32660,4278,138,2167,39243
2015,3,Chaco,89225,11689,376,5921,107211
2015,3,Chubut,91630,12004,386,6081,110101
2015,3,Córdoba,605673,79344,2551,40193,727761
2015,3,Corrientes,92219,12081,388,6120,110808
2015,3,Entre Ríos,195778,25647,825,12992,235242
2015,3,Formosa,34789,4558,147,2309,41803
2015,3,Jujuy,47261,6191,199,3136,56787
2015,3,La Pampa,65456,8575,276,4344,78651
2015,3,La Rioja,32167,4214,135,2135,38651
2015,3,Mendoza,298253,39072,1256,19792,358373
2015,3,Misiones,94219,12343,397,6252,113211
2015,3,Neuquén,82212,10770,346,5456,98784
2015,3,Río Negro,111399,14594,469,7393,133855
2015,3,Salta,117433,15384,495,7793,141105
2015,3,San Juan,85976,11263,362,5705,103306
2015,3,San Luis,44166,5786,186,2931,53069
2015,3,Santa Cruz,49939,6542,210,3314,60005
2015,3,Santa Fe,638212,83607,2688,42352,766859
2015,3,Santiago del Estero,57562,7541,242,3820,69165
2015,3,Tierra del Fuego,29256,3832,123,1941,35152
2015,3,Tucumán,177668,23275,748,11790,213481
2015,4,Buenos Aires,3960199,474122,16615,262952,4713888
2015,4,Capital Federal,1321012,158154,5542,87713,1572421
2015,4,Catamarca,32990,3950,138,2190,39268
2015,4,Chaco,86836,10396,364,5766,103362
2015,4,Chubut,93247,11164,391,6192,110994
2015,4,Córdoba,606084,72561,2543,40243,721431
2015,4,Corrientes,90409,10824,379,6003,107615
2015,4,Entre Ríos,192202,23011,806,12762,228781
2015,4,Formosa,34920,4181,147,2319,41567
2015,4,Jujuy,47850,5729,201,3177,56957
2015,4,La Pampa,66987,8020,281,4448,79736
2015,4,La Rioja,32406,3880,136,2152,38574
2015,4,Mendoza,303416,36325,1273,20146,361160
2015,4,Misiones,93868,11238,394,6233,111733
2015,4,Neuquén,90986,10893,382,6041,108302
2015,4,Río Negro,113495,13588,476,7536,135095
2015,4,Salta,118566,14195,497,7873,141131
2015,4,San Juan,87697,10499,368,5823,104387
2015,4,San Luis,44536,5332,187,2957,53012
2015,4,Santa Cruz,44465,5323,187,2952,52927
2015,4,Santa Fe,637008,76264,2673,42297,758242
2015,4,Santiago del Estero,57573,6893,242,3823,68531
2015,4,Tierra del Fuego,29848,3573,125,1982,35528
2015,4,Tucumán,179546,21496,753,11922,213717
2016,1,Buenos Aires,4259081,343205,18007,252249,4872542
2016,1,Capital Federal,1406249,113318,5946,83287,1608800
2016,1,Catamarca,33797,2723,143,2002,38665
2016,1,Chaco,89226,7190,377,5284,102077
2016,1,Chubut,107157,8635,453,6347,122592
2016,1,Córdoba,614267,49499,2597,36381,702744
2016,1,Corrientes,89201,7188,377,5283,102049
2016,1,Entre Ríos,195034,15716,825,11551,223126
2016,1,Formosa,35959,2898,152,2130,41139
2016,1,Jujuy,49314,3974,209,2921,56418
2016,1,La Pampa,72868,5872,308,4316,83364
2016,1,La Rioja,33015,2660,140,1955,37770
2016,1,Mendoza,333135,26845,1408,19730,381118
2016,1,Misiones,100687,8113,426,5963,115189
2016,1,Neuquén,89023,7174,376,5273,101846
2016,1,Río Negro,127267,10255,538,7538,145598
2016,1,Salta,121802,9815,515,7214,139346
2016,1,San Juan,99745,8038,422,5908,114113
2016,1,San Luis,47024,3789,199,2785,53797
2016,1,Santa Cruz,41286,3327,175,2445,47233
2016,1,Santa Fe,648454,52254,2742,38406,741856
2016,1,Santiago del Estero,56363,4542,238,3338,64481
2016,1,Tierra del Fuego,34047,2744,144,2017,38952
2016,1,Tucumán,184925,14902,782,10952,211561
2016,2,Buenos Aires,4280149,359598,18042,258319,4916108
2016,2,Capital Federal,1375781,115587,5799,83032,1580199
2016,2,Catamarca,33564,2820,141,2026,38551
2016,2,Chaco,89678,7534,378,5412,103002
2016,2,Chubut,100403,8435,423,6060,115321
2016,2,Córdoba,612339,51446,2581,36956,703322
2016,2,Corrientes,89192,7493,376,5383,102444
2016,2,Entre Ríos,195908,16459,826,11824,225017
2016,2,Formosa,35472,2980,150,2141,40743
2016,2,Jujuy,49087,4124,207,2963,56381
2016,2,La Pampa,71338,5994,301,4306,81939
2016,2,La Rioja,32970,2770,139,1990,37869
2016,2,Mendoza,322197,27070,1358,19446,370071
2016,2,Misiones,96234,8085,406,5808,110533
2016,2,Neuquén,86155,7238,363,5200,98956
2016,2,Río Negro,122805,10318,518,7412,141053
2016,2,Salta,121199,10183,511,7315,139208
2016,2,San Juan,93418,7849,394,5638,107299
2016,2,San Luis,46299,3890,195,2794,53178
2016,2,Santa Cruz,38530,3237,162,2325,44254
2016,2,Santa Fe,645875,54264,2723,38981,741843
2016,2,Santiago del Estero,57484,4829,242,3469,66024
2016,2,Tierra del Fuego,33064,2778,139,1995,37976
2016,2,Tucumán,183031,15378,772,11047,210228
2016,3,Buenos Aires,4166450,341904,17491,254342,4780187
2016,3,Capital Federal,1398978,114802,5873,85401,1605054
2016,3,Catamarca,33853,2778,142,2067,38840
2016,3,Chaco,89623,7354,376,5471,102824
2016,3,Chubut,103046,8456,433,6290,118225
2016,3,Córdoba,613989,50385,2578,37481,704433
2016,3,Corrientes,89391,7335,375,5457,102558
2016,3,Entre Ríos,195853,16072,822,11956,224703
2016,3,Formosa,35939,2949,151,2194,41233
2016,3,Jujuy,49316,4047,207,3011,56581
2016,3,La Pampa,72178,5923,303,4406,82810
2016,3,La Rioja,33133,2719,139,2023,38014
2016,3,Mendoza,329297,27022,1382,20102,377803
2016,3,Misiones,96478,7917,405,5890,110690
2016,3,Neuquén,88687,7278,372,5414,101751
2016,3,Río Negro,125414,10292,526,7656,143888
2016,3,Salta,121784,9994,511,7434,139723
2016,3,San Juan,97968,8039,411,5980,112398
2016,3,San Luis,46886,3848,197,2862,53793
2016,3,Santa Cruz,38985,3199,164,2380,44728
2016,3,Santa Fe,644988,52929,2708,39374,739999
2016,3,Santiago del Estero,57126,4688,240,3487,65541
2016,3,Tierra del Fuego,33832,2776,142,2065,38815
2016,3,Tucumán,184386,15131,774,11256,211547
2016,4,Buenos Aires,4268288,343324,18011,252240,4881863
2016,4,Capital Federal,1414870,113807,5970,83613,1618260
2016,4,Catamarca,33805,2719,143,1998,38665
2016,4,Chaco,89247,7179,377,5274,102077
2016,4,Chubut,107185,8621,452,6334,122592
2016,4,Córdoba,615786,49531,2598,36391,704306
2016,4,Corrientes,89223,7177,376,5273,102049
2016,4,Entre Ríos,195082,15692,823,11529,223126
2016,4,Formosa,35968,2893,152,2126,41139
2016,4,Jujuy,49327,3968,208,2915,56418
2016,4,La Pampa,72886,5863,308,4307,83364
2016,4,La Rioja,33023,2656,139,1952,37770
2016,4,Mendoza,333217,26803,1406,19692,381118
2016,4,Misiones,100711,8101,425,5952,115189
2016,4,Neuquén,89046,7162,376,5262,101846
2016,4,Río Negro,127299,10239,537,7523,145598
2016,4,Salta,121832,9800,514,7200,139346
2016,4,San Juan,99771,8025,421,5896,114113
2016,4,San Luis,47036,3783,198,2780,53797
2016,4,Santa Cruz,41297,3322,174,2440,47233
2016,4,Santa Fe,649567,52249,2741,38387,742944
2016,4,Santiago del Estero,56376,4535,238,3332,64481
2016,4,Tierra del Fuego,34056,2739,144,2013,38952
2016,4,Tucumán,184971,14878,781,10931,211561
2017,1,Buenos Aires,4259081,343205,18007,252249,4872542
2017,1,Capital Federal,1406249,113318,5946,83287,1608800
2017,1,Catamarca,33797,2723,143,2002,38665
2017,1,Chaco,89226,7190,377,5284,102077
2017,1,Chubut,107157,8635,453,6347,122592
2017,1,Córdoba,614267,49499,2597,36381,702744
2017,1,Corrientes,89201,7188,377,5283,102049
2017,1,Entre Ríos,195034,15716,825,11551,223126
2017,1,Formosa,35959,2898,152,2130,41139
2017,1,Jujuy,49314,3974,209,2921,56418
2017,1,La Pampa,72868,5872,308,4316,83364
2017,1,La Rioja,33015,2660,140,1955,37770
2017,1,Mendoza,333135,26845,1408,19730,381118
2017,1,Misiones,100687,8113,426,5963,115189
2017,1,Neuquén,89023,7174,376,5273,101846
2017,1,Río Negro,127267,10255,538,7538,145598
2017,1,Salta,121802,9815,515,7214,139346
2017,1,San Juan,99745,8038,422,5908,114113
2017,1,San Luis,47024,3789,199,2785,53797
2017,1,Santa Cruz,41286,3327,175,2445,47233
2017,1,Santa Fe,648454,52254,2742,38406,741856
2017,1,Santiago del Estero,56363,4542,238,3338,64481
2017,1,Tierra del Fuego,34047,2744,144,2017,38952
2017,1,Tucumán,184925,14902,782,10952,211561
2017,2,Buenos Aires,4280149,359598,18042,258319,4916108
2017,2,Capital Federal,1375781,115587,5799,83032,1580199
2017,2,Catamarca,33564,2820,141,2026,38551
2017,2,Chaco,89678,7534,378,5412,103002
2017,2,Chubut,100403,8435,423,6060,115321
2017,2,Córdoba,612339,51446,2581,36956,703322
2017,2,Corrientes,89192,7493,376,5383,102444
2017,2,Entre Ríos,195908,16459,826,11824,225017
2017,2,Formosa,35472,2980,150,2141,40743
2017,2,Jujuy,49087,4124,207,2963,56381
2017,2,La Pampa,71338,5994,301,4306,81939
2017,2,La Rioja,32970,2770,139,1990,37869
2017,2,Mendoza,322197,27070,1358,19446,370071
2017,2,Misiones,96234,8085,406,5808,110533
2017,2,Neuquén,86155,7238,363,5200,98956
2017,2,Río Negro,122805,10318,518,7412,141053
2017,2,Salta,121199,10183,511,7315,139208
2017,2,San Juan,93418,7849,394,5638,107299
2017,2,San Luis,46299,3890,195,2794,53178
2017,2,Santa Cruz,38530,3237,162,2325,44254
2017,2,Santa Fe,645875,54264,2723,38981,741843
2017,2,Santiago del Estero,57484,4829,242,3469,66024
2017,2,Tierra del Fuego,33064,2778,139,1995,37976
2017,2,Tucumán,183031,15378,772,11047,210228
2017,3,Buenos Aires,4166450,341904,17491,254342,4780187
2017,3,Capital Federal,1398978,114802,5873,85401,1605054
2017,3,Catamarca,33853,2778,142,2067,38840
2017,3,Chaco,89623,7354,376,5471,102824
2017,3,Chubut,103046,8456,433,6290,118225
2017,3,Córdoba,613989,50385,2578,37481,704433
2017,3,Corrientes,89391,7335,375,5457,102558
2017,3,Entre Ríos,195853,16072,822,11956,224703
2017,3,Formosa,35939,2949,151,2194,41233
2017,3,Jujuy,49316,4047,207,3011,56581
2017,3,La Pampa,72178,5923,303,4406,82810
2017,3,La Rioja,33133,2719,139,2023,38014
2017,3,Mendoza,329297,27022,1382,20102,377803
2017,3,Misiones,96478,7917,405,5890,110690
2017,3,Neuquén,88687,7278,372,5414,101751
2017,3,Río Negro,125414,10292,526,7656,143888
2017,3,Salta,121784,9994,511,7434,139723
2017,3,San Juan,97968,8039,411,5980,112398
2017,3,San Luis,46886,3848,197,2862,53793
2017,3,Santa Cruz,38985,3199,164,2380,44728
2017,3,Santa Fe,644988,52929,2708,39374,739999
2017,3,Santiago del Estero,57126,4688,240,3487,65541
2017,3,Tierra del Fuego,33832,2776,142,2065,38815
2017,3,Tucumán,184386,15131,774,11256,211547
2017,4,Buenos Aires,4268288,343324,18011,252240,4881863
2017,4,Capital Federal,1414870,113807,5970,83613,1618260
2017,4,Catamarca,33805,2719,143,1998,38665
2017,4,Chaco,89247,7179,377,5274,102077
2017,4,Chubut,107185,8621,452,6334,122592
2017,4,Córdoba,615786,49531,2598,36391,704306
2017,4,Corrientes,89223,7177,376,5273,102049
2017,4,Entre Ríos,195082,15692,823,11529,223126
2017,4,Formosa,35968,2893,152,2126,41139
2017,4,Jujuy,49327,3968,208,2915,56418
2017,4,La Pampa,72886,5863,308,4307,83364
2017,4,La Rioja,33023,2656,139,1952,37770
2017,4,Mendoza,333217,26803,1406,19692,381118
2017,4,Misiones,100711,8101,425,5952,115189
2017,4,Neuquén,89046,7162,376,5262,101846
2017,4,Río Negro,127299,10239,537,7523,145598
2017,4,Salta,121832,9800,514,7200,139346
2017,4,San Juan,99771,8025,421,5896,114113
2017,4,San Luis,47036,3783,198,2780,53797
2017,4,Santa Cruz,41297,3322,174,2440,47233
2017,4,Santa Fe,649567,52249,2741,38387,742944
2017,4,Santiago del Estero,56376,4535,238,3332,64481
2017,4,Tierra del Fuego,34056,2739,144,2013,38952
2017,4,Tucumán,184971,14878,781,10931,211561
2018,1,Buenos Aires,3897738,326697,17191,196135,4437761
2018,1,Capital Federal,1521319,127512,6710,76553,1732094
2018,1,Catamarca,33705,2825,149,1696,38375
2018,1,Chaco,86985,7291,384,4377,99037
2018,1,Chubut,100108,8391,442,5037,113978
2018,1,Córdoba,607654,50932,2680,30577,691843
2018,1,Corrientes,87448,7330,386,4400,99564
2018,1,Entre Ríos,189431,15877,835,9532,215675
2018,1,Formosa,35230,2953,155,1773,40111
2018,1,Jujuy,47696,3998,210,2400,54304
2018,1,La Pampa,66109,5541,292,3327,75269
2018,1,La Rioja,31602,2649,139,1590,35980
2018,1,Mendoza,316562,26533,1396,15929,360420
2018,1,Misiones,90815,7612,401,4570,103398
2018,1,Neuquén,85386,7157,377,4297,97217
2018,1,Río Negro,122826,10295,542,6181,139844
2018,1,Salta,117720,9867,519,5924,134030
2018,1,San Juan,101175,8480,446,5091,115192
2018,1,San Luis,38933,3263,172,1959,44327
2018,1,Santa Cruz,38827,3254,171,1954,44206
2018,1,Santa Fe,605181,50724,2669,30453,689027
2018,1,Santiago del Estero,50188,4207,221,2525,57141
2018,1,Tierra del Fuego,29311,2457,129,1475,33372
2018,1,Tucumán,188622,15810,832,9491,214755
2018,2,Buenos Aires,3986269,328629,17754,145255,4477907
2018,2,Capital Federal,1551477,127904,6910,56534,1742825
2018,2,Catamarca,33970,2800,151,1238,38159
2018,2,Chaco,87214,7190,388,3178,97970
2018,2,Chubut,104159,8587,464,3795,117005
2018,2,Córdoba,608719,50183,2711,22181,683794
2018,2,Corrientes,88131,7266,393,3211,99001
2018,2,Entre Ríos,190211,15681,847,6931,213670
2018,2,Formosa,35377,2917,158,1289,39741
2018,2,Jujuy,47752,3937,213,1740,53642
2018,2,La Pampa,67392,5556,300,2456,75704
2018,2,La Rioja,31309,2581,139,1141,35170
2018,2,Mendoza,320879,26453,1429,11692,360453
2018,2,Misiones,96226,7933,429,3506,108094
2018,2,Neuquén,86482,7130,385,3151,97148
2018,2,Río Negro,124413,10257,554,4533,139757
2018,2,Salta,117452,9683,523,4280,131938
2018,2,San Juan,102544,8454,457,3737,115192
2018,2,San Luis,39459,3253,176,1438,44326
2018,2,Santa Cruz,39399,3248,175,1436,44258
2018,2,Santa Fe,610100,50297,2717,22231,685345
2018,2,Santiago del Estero,49146,4052,219,1791,55208
2018,2,Tierra del Fuego,29708,2449,132,1083,33372
2018,2,Tucumán,190770,15727,850,6951,214298
2018,3,Buenos Aires,4011556,328786,17993,134357,4492692
2018,3,Capital Federal,1585386,129938,7111,53099,1775534
2018,3,Catamarca,33820,2772,152,1133,37877
2018,3,Chaco,81816,6706,367,2740,91629
2018,3,Chubut,104453,8561,469,3498,116981
2018,3,Córdoba,602402,49373,2702,20176,674653
2018,3,Corrientes,84656,6938,380,2835,94809
2018,3,Entre Ríos,178759,14651,802,5987,200199
2018,3,Formosa,35185,2884,158,1178,39405
2018,3,Jujuy,47376,3883,212,1587,53058
2018,3,La Pampa,67601,5540,303,2264,75708
2018,3,La Rioja,30853,2529,138,1033,34553
2018,3,Mendoza,321856,26379,1444,10780,360459
2018,3,Misiones,92768,7603,416,3107,103894
2018,3,Neuquén,86731,7109,389,2905,97134
2018,3,Río Negro,124750,10225,560,4178,139713
2018,3,Salta,115710,9483,519,3875,129587
2018,3,San Juan,102856,8430,461,3445,115192
2018,3,San Luis,39561,3242,177,1325,44305
2018,3,Santa Cruz,39464,3235,177,1322,44198
2018,3,Santa Fe,600589,49224,2694,20115,672622
2018,3,Santiago del Estero,47920,3927,215,1605,53667
2018,3,Tierra del Fuego,29798,2442,134,998,33372
2018,3,Tucumán,190856,15643,856,6392,213747
2018,4,Buenos Aires,4074597,332712,18514,132722,4558545
2018,4,Capital Federal,1567223,127972,7121,51049,1753365
2018,4,Catamarca,33046,2698,150,1076,36970
2018,4,Chaco,85588,6989,389,2788,95754
2018,4,Chubut,105044,8577,477,3422,117520
2018,4,Córdoba,599782,48975,2725,19537,671019
2018,4,Corrientes,86631,7074,394,2822,96921
2018,4,Entre Ríos,185388,15138,842,6039,207407
2018,4,Formosa,34596,2825,157,1127,38705
2018,4,Jujuy,46865,3827,213,1527,52432
2018,4,La Pampa,68342,5581,311,2226,76460
2018,4,La Rioja,30268,2472,138,986,33864
2018,4,Mendoza,322404,26326,1465,10502,360697
2018,4,Misiones,93179,7609,423,3035,104246
2018,4,Neuquén,97577,7968,443,3178,109166
2018,4,Río Negro,124863,10196,567,4067,139693
2018,4,Salta,112888,9218,513,3677,126296
2018,4,San Juan,103021,8412,468,3356,115257
2018,4,San Luis,46328,3783,210,1509,51830
2018,4,Santa Cruz,39576,3232,180,1289,44277
2018,4,Santa Fe,623546,50916,2833,20311,697606
2018,4,Santiago del Estero,66295,5413,301,2159,74168
2018,4,Tierra del Fuego,29828,2436,136,972,33372
2018,4,Tucumán,188016,15352,854,6124,210346
2019,1,Buenos Aires,3149299,280518,14901,118439,3563157
2019,1,Capital Federal,1413982,125948,6691,53177,1599798
2019,1,Catamarca,31976,2848,151,1203,36178
2019,1,Chaco,82819,7377,392,3115,93703
2019,1,Chubut,78458,6988,371,2951,88768
2019,1,Córdoba,580025,51665,2744,21814,656248
2019,1,Corrientes,84010,7483,398,3159,95050
2019,1,Entre Ríos,180079,16040,852,6772,203743
2019,1,Formosa,33409,2976,158,1256,37799
2019,1,Jujuy,45804,4080,217,1723,51824
2019,1,La Pampa,58234,5187,276,2190,65887
2019,1,La Rioja,29017,2585,137,1091,32830
2019,1,Mendoza,213013,18974,1008,8011,241006
2019,1,Misiones,89863,8004,425,3380,101672
2019,1,Neuquén,73821,6575,349,2776,83521
2019,1,Río Negro,88715,7902,420,3336,100373
2019,1,Salta,108627,9676,514,4085,122902
2019,1,San Juan,75928,6763,359,2855,85905
2019,1,San Luis,37925,3378,179,1426,42908
2019,1,Santa Cruz,30202,2690,143,1136,34171
2019,1,Santa Fe,605596,53942,2865,22775,685178
2019,1,Santiago del Estero,64420,5738,305,2423,72886
2019,1,Tierra del Fuego,22257,1982,105,837,25181
2019,1,Tucumán,182705,16274,865,6871,206715
2019,2,Buenos Aires,2994702,266943,14902,71978,3348525
2019,2,Capital Federal,1322606,117895,6581,31789,1478871
2019,2,Catamarca,27826,2480,138,669,31113
2019,2,Chaco,77742,6930,387,1869,86928
2019,2,Chubut,73142,6520,364,1758,81784
2019,2,Córdoba,540558,48184,2690,12992,604424
2019,2,Corrientes,80463,7172,400,1934,89969
2019,2,Entre Ríos,171277,15267,852,4117,191513
2019,2,Formosa,31587,2816,157,759,35319
2019,2,Jujuy,44234,3943,220,1063,49460
2019,2,La Pampa,63795,5687,317,1533,71332
2019,2,La Rioja,25354,2260,126,609,28349
2019,2,Mendoza,195556,17432,973,4700,218661
2019,2,Misiones,83847,7474,417,2015,93753
2019,2,Neuquén,70620,6295,351,1697,78963
2019,2,Río Negro,81486,7263,405,1959,91113
2019,2,Salta,99158,8839,493,2383,110873
2019,2,San Juan,72016,6419,358,1731,80524
2019,2,San Luis,33801,3013,168,812,37794
2019,2,Santa Cruz,27196,2424,135,654,30409
2019,2,Santa Fe,575111,51264,2862,13823,643060
2019,2,Santiago del Estero,61178,5453,304,1470,68405
2019,2,Tierra del Fuego,21717,1936,108,522,24283
2019,2,Tucumán,167590,14939,834,4028,187391
2019,3,Buenos Aires,3058655,268169,14853,73255,3414932
2019,3,Capital Federal,1341174,117588,6513,32121,1497396
2019,3,Catamarca,29267,2566,142,701,32676
2019,3,Chaco,79060,6932,384,1893,88269
2019,3,Chubut,75153,6589,365,1800,83907
2019,3,Córdoba,548479,48088,2663,13136,612366
2019,3,Corrientes,81648,7159,396,1955,91158
2019,3,Entre Ríos,173987,15254,845,4167,194253
2019,3,Formosa,32214,2824,156,772,35966
2019,3,Jujuy,44885,3935,218,1075,50113
2019,3,La Pampa,57121,5008,277,1368,63774
2019,3,La Rioja,26464,2320,129,634,29547
2019,3,Mendoza,202124,17721,982,4841,225668
2019,3,Misiones,85864,7528,417,2056,95865
2019,3,Neuquén,71967,6310,349,1724,80350
2019,3,Río Negro,84378,7398,410,2021,94207
2019,3,Salta,101844,8929,495,2439,113707
2019,3,San Juan,73858,6476,359,1769,82462
2019,3,San Luis,35177,3084,171,842,39274
2019,3,Santa Cruz,28682,2515,139,687,32023
2019,3,Santa Fe,580363,50884,2818,13900,647965
2019,3,Santiago del Estero,62133,5448,302,1488,69371
2019,3,Tierra del Fuego,22521,1974,109,539,25143
2019,3,Tucumán,172235,15101,836,4125,192297
2019,4,Buenos Aires,2994702,266943,14902,71978,3348525
2019,4,Capital Federal,1322606,117895,6581,31789,1478871
2019,4,Catamarca,27826,2480,138,669,31113
2019,4,Chaco,77742,6930,387,1869,86928
2019,4,Chubut,73142,6520,364,1758,81784
2019,4,Córdoba,540558,48184,2690,12992,604424
2019,4,Corrientes,80463,7172,400,1934,89969
2019,4,Entre Ríos,171277,15267,852,4117,191513
2019,4,Formosa,31587,2816,157,759,35319
2019,4,Jujuy,44234,3943,220,1063,49460
2019,4,La Pampa,63795,5687,317,1533,71332
2019,4,La Rioja,25354,2260,126,609,28349
2019,4,Mendoza,195556,17432,973,4700,218661
2019,4,Misiones,83847,7474,417,2015,93753
2019,4,Neuquén,70620,6295,351,1697,78963
2019,4,Río Negro,81486,7263,405,1959,91113
2019,4,Salta,99158,8839,493,2383,110873
2019,4,San Juan,72016,6419,358,1731,80524
2019,4,San Luis,33801,3013,168,812,37794
2019,4,Santa Cruz,27196,2424,135,654,30409
2019,4,Santa Fe,575111,51264,2862,13823,643060
2019,4,Santiago del Estero,61178,5453,304,1470,68405
2019,4,Tierra del Fuego,21717,1936,108,522,24283
2019,4,Tucumán,167590,14939,834,4028,187391
2020,1,Buenos Aires,2925747,261533,14423,59561,3261264
2020,1,Capital Federal,1306383,116778,6440,26595,1456196
2020,1,Catamarca,26683,2385,132,543,29743
2020,1,Chaco,75394,6740,372,1535,84041
2020,1,Chubut,70596,6311,348,1437,78692
2020,1,Córdoba,515015,46037,2539,10484,574075
2020,1,Corrientes,78631,7029,388,1601,87649
2020,1,Entre Ríos,167614,14983,826,3412,186835
2020,1,Formosa,31006,2772,153,631,34562
2020,1,Jujuy,43049,3848,212,876,47985
2020,1,La Pampa,63456,5672,313,1292,70733
2020,1,La Rioja,24292,2172,120,495,27079
2020,1,Mendoza,189045,16899,932,3849,210725
2020,1,Misiones,81487,7284,402,1659,90832
2020,1,Neuquén,69515,6214,343,1415,77487
2020,1,Río Negro,79180,7078,390,1612,88260
2020,1,Salta,96447,8621,475,1963,107506
2020,1,San Juan,70426,6295,347,1434,78502
2020,1,San Luis,32595,2914,161,664,36334
2020,1,Santa Cruz,26340,2354,130,536,29360
2020,1,Santa Fe,560308,50086,2762,11407,624563
2020,1,Santiago del Estero,60320,5392,297,1228,67237
2020,1,Tierra del Fuego,21127,1889,104,430,23550
2020,1,Tucumán,163656,14629,807,3332,182424
2020,2,Buenos Aires,2906464,254292,14992,56709,3232457
2020,2,Capital Federal,1280284,112014,6604,24980,1423882
2020,2,Catamarca,30145,2637,155,588,33525
2020,2,Chaco,72933,6381,376,1423,81113
2020,2,Chubut,65655,5744,339,1281,73019
2020,2,Córdoba,481136,42096,2482,9388,535102
2020,2,Corrientes,76714,6712,396,1497,85319
2020,2,Entre Ríos,160937,14081,830,3140,178988
2020,2,Formosa,30623,2679,158,597,34057
2020,2,Jujuy,41079,3594,212,801,45686
2020,2,La Pampa,63505,5556,328,1239,70628
2020,2,La Rioja,26351,2305,136,514,29306
2020,2,Mendoza,176583,15449,911,3445,196388
2020,2,Misiones,77112,6747,398,1505,85762
2020,2,Neuquén,67028,5864,346,1308,74546
2020,2,Río Negro,75990,6648,392,1483,84513
2020,2,Salta,91363,7993,471,1783,101610
2020,2,San Juan,67290,5887,347,1313,74837
2020,2,San Luis,30958,2709,160,604,34431
2020,2,Santa Cruz,24492,2143,126,478,27239
2020,2,Santa Fe,532634,46601,2747,10392,592374
2020,2,Santiago del Estero,59647,5219,308,1164,66338
2020,2,Tierra del Fuego,19398,1697,100,378,21573
2020,2,Tucumán,163055,14266,841,3181,181343
2020,3,Buenos Aires,2919939,236054,15784,61547,3233324
2020,3,Capital Federal,1294110,104618,6995,27277,1433000
2020,3,Catamarca,30339,2453,164,640,33596
2020,3,Chaco,74542,6026,403,1571,82542
2020,3,Chubut,65879,5326,356,1389,72950
2020,3,Córdoba,496134,40109,2682,10458,549383
2020,3,Corrientes,77979,6304,422,1644,86349
2020,3,Entre Ríos,163732,13236,885,3451,181304
2020,3,Formosa,31485,2545,170,664,34864
2020,3,Jujuy,41841,3382,226,882,46331
2020,3,La Pampa,63699,5150,344,1343,70536
2020,3,La Rioja,26553,2147,144,560,29404
2020,3,Mendoza,177349,14337,959,3738,196383
2020,3,Misiones,80269,6489,434,1692,88884
2020,3,Neuquén,67261,5438,364,1418,74481
2020,3,Río Negro,76977,6223,416,1623,85239
2020,3,Salta,93160,7531,504,1964,103159
2020,3,San Juan,67590,5464,365,1425,74844
2020,3,San Luis,31098,2514,168,656,34436
2020,3,Santa Cruz,24635,1992,133,519,27279
2020,3,Santa Fe,563862,45584,3048,11885,624379
2020,3,Santiago del Estero,59908,4843,324,1263,66338
2020,3,Tierra del Fuego,19482,1575,105,411,21573
2020,3,Tucumán,164330,13285,888,3464,181967
2020,4,Buenos Aires,2906464,254292,14992,56709,3232457
2020,4,Capital Federal,1280284,112014,6604,24980,1423882
2020,4,Catamarca,30145,2637,155,588,33525
2020,4,Chaco,72933,6381,376,1423,81113
2020,4,Chubut,65655,5744,339,1281,73019
2020,4,Córdoba,481136,42096,2482,9388,535102
2020,4,Corrientes,76714,6712,396,1497,85319
2020,4,Entre Ríos,160937,14081,830,3140,178988
2020,4,Formosa,30623,2679,158,597,34057
2020,4,Jujuy,41079,3594,212,801,45686
2020,4,La Pampa,63505,5556,328,1239,70628
2020,4,La Rioja,26351,2305,136,514,29306
2020,4,Mendoza,176583,15449,911,3445,196388
2020,4,Misiones,77112,6747,398,1505,85762
2020,4,Neuquén,67028,5864,346,1308,74546
2020,4,Río Negro,75990,6648,392,1483,84513
2020,4,Salta,91363,7993,471,1783,101610
2020,4,San Juan,67290,5887,347,1313,74837
2020,4,San Luis,30958,2709,160,604,34431
2020,4,Santa Cruz,24492,2143,126,478,27239
2020,4,Santa Fe,532634,46601,2747,10392,592374
2020,4,Santiago del Estero,59647,5219,308,1164,66338
2020,4,Tierra del Fuego,19398,1697,100,378,21573
2020,4,Tucumán,163055,14266,841,3181,181343
2021,1,Buenos Aires,2874157,247958,15146,66500,3203761
2021,1,Capital Federal,1252044,108016,6598,28969,1395627
2021,1,Catamarca,23860,2059,126,552,26597
2021,1,Chaco,68032,5869,359,1574,75834
2021,1,Chubut,65551,5655,345,1517,73068
2021,1,Córdoba,469865,40536,2476,10871,523748
2021,1,Corrientes,70737,6103,373,1637,78850
2021,1,Entre Ríos,151117,13037,796,3496,168446
2021,1,Formosa,28048,2420,148,649,31265
2021,1,Jujuy,38534,3324,203,892,42953
2021,1,La Pampa,63832,5507,336,1477,71152
2021,1,La Rioja,21759,1877,115,503,24254
2021,1,Mendoza,176118,15194,928,4075,196315
2021,1,Misiones,73632,6352,388,1704,82076
2021,1,Neuquén,66749,5759,352,1544,74404
2021,1,Río Negro,74164,6398,391,1716,82669
2021,1,Salta,86315,7447,455,1997,96214
2021,1,San Juan,67138,5792,354,1553,74837
2021,1,San Luis,30888,2665,163,715,34431
2021,1,Santa Cruz,24160,2084,127,559,26930
2021,1,Santa Fe,511464,44125,2695,11834,570118
2021,1,Santiago del Estero,55762,4811,294,1290,62157
2021,1,Tierra del Fuego,19353,1670,102,448,21573
2021,1,Tucumán,146397,12630,771,3387,163185
2021,2,Buenos Aires,3012453,234051,14886,51980,3313370
2021,2,Capital Federal,1308400,101656,6465,22576,1439097
2021,2,Catamarca,26944,2093,133,465,29635
2021,2,Chaco,82580,6416,408,1425,90829
2021,2,Chubut,62015,4818,306,1070,68209
2021,2,Córdoba,530703,41233,2622,9157,583715
2021,2,Corrientes,89073,6921,440,1537,97971
2021,2,Entre Ríos,188688,14660,932,3256,207536
2021,2,Formosa,33104,2572,164,571,36411
2021,2,Jujuy,40239,3126,199,694,44258
2021,2,La Pampa,65235,5068,322,1126,71751
2021,2,La Rioja,24334,1891,120,420,26765
2021,2,Mendoza,185947,14447,919,3209,204522
2021,2,Misiones,89666,6966,443,1547,98622
2021,2,Neuquén,66022,5129,326,1139,72616
2021,2,Río Negro,78450,6095,388,1354,86287
2021,2,Salta,109367,8497,540,1887,120291
2021,2,San Juan,60580,4707,299,1045,66631
2021,2,San Luis,30022,2332,148,518,33020
2021,2,Santa Cruz,25220,1960,125,435,27740
2021,2,Santa Fe,596238,46324,2946,10288,655796
2021,2,Santiago del Estero,60596,4708,299,1046,66649
2021,2,Tierra del Fuego,17217,1338,85,297,18937
2021,2,Tucumán,150653,11705,744,2600,165702
2021,3,Buenos Aires,2852029,242423,15465,54601,3164518
2021,3,Capital Federal,1232448,104759,6683,23595,1367485
2021,3,Catamarca,22245,1891,121,426,24683
2021,3,Chaco,66485,5651,361,1273,73770
2021,3,Chubut,65869,5599,357,1261,73086
2021,3,Córdoba,436222,37079,2365,8351,484017
2021,3,Corrientes,70346,5979,381,1347,78053
2021,3,Entre Ríos,147826,12565,802,2830,164023
2021,3,Formosa,27462,2334,149,526,30471
2021,3,Jujuy,31688,2693,172,607,35160
2021,3,La Pampa,64644,5495,351,1238,71728
2021,3,La Rioja,19479,1656,106,373,21614
2021,3,Mendoza,176671,15017,958,3382,196028
2021,3,Misiones,71080,6042,385,1361,78868
2021,3,Neuquén,66876,5684,363,1280,74203
2021,3,Río Negro,75456,6414,409,1445,83724
2021,3,Salta,84554,7187,458,1619,93818
2021,3,San Juan,67447,5733,366,1291,74837
2021,3,San Luis,31031,2638,168,594,34431
2021,3,Santa Cruz,24299,2065,132,465,26961
2021,3,Santa Fe,486509,41353,2638,9314,539814
2021,3,Santiago del Estero,51711,4395,280,990,57376
2021,3,Tierra del Fuego,19443,1653,105,372,21573
2021,3,Tucumán,119923,10193,650,2296,133062
2021,4,Buenos Aires,3012453,234051,14886,51980,3313370
2021,4,Capital Federal,1308400,101656,6465,22576,1439097
2021,4,Catamarca,26944,2093,133,465,29635
2021,4,Chaco,82580,6416,408,1425,90829
2021,4,Chubut,62015,4818,306,1070,68209
2021,4,Córdoba,530703,41233,2622,9157,583715
2021,4,Corrientes,89073,6921,440,1537,97971
2021,4,Entre Ríos,188688,14660,932,3256,207536
2021,4,Formosa,33104,2572,164,571,36411
2021,4,Jujuy,40239,3126,199,694,44258
2021,4,La Pampa,65235,5068,322,1126,71751
2021,4,La Rioja,24334,1891,120,420,26765
2021,4,Mendoza,185947,14447,919,3209,204522
2021,4,Misiones,89666,6966,443,1547,98622
2021,4,Neuquén,66022,5129,326,1139,72616
2021,4,Río Negro,78450,6095,388,1354,86287
2021,4,Salta,109367,8497,540,1887,120291
2021,4,San Juan,60580,4707,299,1045,66631
2021,4,San Luis,30022,2332,148,518,33020
2021,4,Santa Cruz,25220,1960,125,435,27740
2021,4,Santa Fe,596238,46324,2946,10288,655796
2021,4,Santiago del Estero,60596,4708,299,1046,66649
2021,4,Tierra del Fuego,17217,1338,85,297,18937
2021,4,Tucumán,150653,11705,744,2600,165702
2022,1,Buenos Aires,2735498,266125,11364,49088,3062075
2022,1,Capital Federal,1279557,124483,5316,22962,1432318
2022,1,Catamarca,26940,2621,112,483,30156
2022,1,Chaco,75774,7372,315,1360,84821
2022,1,Chubut,54598,5312,227,980,61117
2022,1,Córdoba,516972,50294,2148,9277,578691
2022,1,Corrientes,79448,7729,330,1426,88933
2022,1,Entre Ríos,169391,16479,704,3040,189614
2022,1,Formosa,30216,2940,126,542,33824
2022,1,Jujuy,43490,4231,181,780,48682
2022,1,La Pampa,61301,5964,255,1100,68620
2022,1,La Rioja,24556,2389,102,441,27488
2022,1,Mendoza,146185,14222,607,2623,163637
2022,1,Misiones,81592,7938,339,1464,91333
2022,1,Neuquén,58821,5722,244,1056,65843
2022,1,Río Negro,63757,6203,265,1144,71369
2022,1,Salta,97423,9478,405,1748,109054
2022,1,San Juan,56073,5455,233,1006,62767
2022,1,San Luis,26864,2613,112,482,30071
2022,1,Santa Cruz,21232,2065,88,381,23766
2022,1,Santa Fe,561564,54632,2333,10077,628606
2022,1,Santiago del Estero,60303,5867,251,1082,67503
2022,1,Tierra del Fuego,16050,1561,67,288,17966
2022,1,Tucumán,165226,16074,686,2965,184951
2022,2,Buenos Aires,2802796,264038,12029,49568,3128431
2022,2,Capital Federal,1400437,131928,6010,24767,1563142
2022,2,Catamarca,22473,2117,96,397,25083
2022,2,Chaco,57950,5459,249,1025,64683
2022,2,Chubut,48601,4579,209,860,54249
2022,2,Córdoba,443560,41786,1904,7845,495095
2022,2,Corrientes,79748,7513,342,1410,89013
2022,2,Entre Ríos,143480,13517,616,2538,160151
2022,2,Formosa,31523,2970,135,558,35186
2022,2,Jujuy,31944,3009,137,565,35655
2022,2,La Pampa,59445,5600,255,1051,66351
2022,2,La Rioja,22924,2159,98,405,25586
2022,2,Mendoza,145977,13752,627,2582,162938
2022,2,Misiones,68398,6444,294,1210,76346
2022,2,Neuquén,61543,5798,264,1088,68693
2022,2,Río Negro,60348,5685,259,1067,67359
2022,2,Salta,77373,7289,332,1368,86362
2022,2,San Juan,47306,4457,203,837,52803
2022,2,San Luis,24822,2338,107,439,27706
2022,2,Santa Cruz,20594,1940,88,364,22986
2022,2,Santa Fe,439437,41397,1886,7772,490492
2022,2,Santiago del Estero,58153,5478,250,1028,64909
2022,2,Tierra del Fuego,13289,1252,57,235,14833
2022,2,Tucumán,145875,13742,626,2580,162823
2022,3,Buenos Aires,2791694,265040,11756,48270,3116760
2022,3,Capital Federal,1404441,133336,5914,24284,1567975
2022,3,Catamarca,22971,2181,97,397,25646
2022,3,Chaco,58715,5574,247,1015,65551
2022,3,Chubut,52576,4991,221,909,58697
2022,3,Córdoba,436156,41408,1837,7541,486942
2022,3,Corrientes,80594,7651,339,1393,89977
2022,3,Entre Ríos,140805,13368,593,2435,157201
2022,3,Formosa,31577,2998,133,546,35254
2022,3,Jujuy,32252,3062,136,558,36008
2022,3,La Pampa,59307,5630,250,1025,66212
2022,3,La Rioja,22793,2164,96,394,25447
2022,3,Mendoza,124018,11774,522,2144,138458
2022,3,Misiones,68616,6514,289,1186,76605
2022,3,Neuquén,65457,6214,276,1132,73079
2022,3,Río Negro,58320,5537,246,1008,65111
2022,3,Salta,78622,7464,331,1359,87776
2022,3,San Juan,54269,5152,229,938,60588
2022,3,San Luis,22726,2158,96,393,25373
2022,3,Santa Cruz,20419,1939,86,353,22797
2022,3,Santa Fe,445778,42322,1877,7708,497685
2022,3,Santiago del Estero,56091,5325,236,970,62622
2022,3,Tierra del Fuego,17128,1626,72,296,19122
2022,3,Tucumán,146684,13926,618,2536,163764
2022,4,Buenos Aires,2802796,264038,12029,49568,3128431
2022,4,Capital Federal,1400437,131928,6010,24767,1563142
2022,4,Catamarca,22473,2117,96,397,25083
2022,4,Chaco,57950,5459,249,1025,64683
2022,4,Chubut,48601,4579,209,860,54249
2022,4,Córdoba,443560,41786,1904,7845,495095
2022,4,Corrientes,79748,7513,342,1410,89013
2022,4,Entre Ríos,143480,13517,616,2538,160151
2022,4,Formosa,31523,2970,135,558,35186
2022,4,Jujuy,31944,3009,137,565,35655
2022,4,La Pampa,59445,5600,255,1051,66351
2022,4,La Rioja,22924,2159,98,405,25586
2022,4,Mendoza,145977,13752,627,2582,162938
2022,4,Misiones,68398,6444,294,1210,76346
2022,4,Neuquén,61543,5798,264,1088,68693
2022,4,Río Negro,60348,5685,259,1067,67359
2022,4,Salta,77373,7289,332,1368,86362
2022,4,San Juan,47306,4457,203,837,52803
2022,4,San Luis,24822,2338,107,439,27706
2022,4,Santa Cruz,20594,1940,88,364,22986
2022,4,Santa Fe,439437,41397,1886,7772,490492
2022,4,Santiago del Estero,58153,5478,250,1028,64909
2022,4,Tierra del Fuego,13289,1252,57,235,14833
2022,4,Tucumán,145875,13742,626,2580,162823
2023,1,Buenos Aires,2590193,291279,11371,44983,2937826
2023,1,Capital Federal,1279427,143878,5617,22220,1451142
2023,1,Catamarca,24801,2789,109,431,28130
2023,1,Chaco,70458,7923,309,1224,79914
2023,1,Chubut,50618,5692,222,879,57411
2023,1,Córdoba,504532,56737,2215,8762,572246
2023,1,Corrientes,73387,8253,322,1275,83237
2023,1,Entre Ríos,156653,17617,688,2721,177679
2023,1,Formosa,28992,3260,127,503,32882
2023,1,Jujuy,40065,4506,176,696,45443
2023,1,La Pampa,59869,6733,263,1040,67905
2023,1,La Rioja,22608,2542,99,393,25642
2023,1,Mendoza,151793,17070,666,2636,172165
2023,1,Misiones,75309,8469,331,1308,85417
2023,1,Neuquén,55106,6197,242,957,62502
2023,1,Río Negro,59511,6692,261,1034,67498
2023,1,Salta,89696,10087,394,1558,101735
2023,1,San Juan,52756,5933,232,916,59837
2023,1,San Luis,25564,2875,112,444,28995
2023,1,Santa Cruz,19658,2211,86,341,22296
2023,1,Santa Fe,528080,59385,2318,9171,598954
2023,1,Santiago del Estero,56828,6391,249,987,64455
2023,1,Tierra del Fuego,14815,1666,65,257,16803
2023,1,Tucumán,152218,17118,668,2644,172648
2023,2,Buenos Aires,2793773,299661,12436,42016,3147886
2023,2,Capital Federal,1466033,157247,6526,22048,1651854
2023,2,Catamarca,18074,1939,80,272,20365
2023,2,Chaco,47897,5137,213,720,53967
2023,2,Chubut,48049,5154,214,723,54140
2023,2,Córdoba,427266,45829,1902,6426,481423
2023,2,Corrientes,70887,7603,316,1066,79872
2023,2,Entre Ríos,129069,13844,575,1941,145429
2023,2,Formosa,31766,3407,141,478,35792
2023,2,Jujuy,24661,2645,110,371,27787
2023,2,La Pampa,59947,6430,267,902,67546
2023,2,La Rioja,20422,2191,91,307,23011
2023,2,Mendoza,167466,17963,745,2519,188693
2023,2,Misiones,60485,6488,269,910,68152
2023,2,Neuquén,60010,6437,267,903,67617
2023,2,Río Negro,61702,6618,275,928,69523
2023,2,Salta,66426,7125,296,999,74846
2023,2,San Juan,47476,5092,211,714,53493
2023,2,San Luis,24780,2658,110,373,27921
2023,2,Santa Cruz,19793,2123,88,298,22302
2023,2,Santa Fe,401053,43017,1785,6032,451887
2023,2,Santiago del Estero,52473,5628,234,789,59124
2023,2,Tierra del Fuego,13093,1404,58,197,14752
2023,2,Tucumán,130314,13977,580,1960,146831
2023,3,Buenos Aires,2830114,306770,12290,43040,3192214
2023,3,Capital Federal,1489625,161468,6469,22654,1680216
2023,3,Catamarca,18687,2025,81,284,21077
2023,3,Chaco,50198,5441,218,763,56620
2023,3,Chubut,53485,5797,232,813,60327
2023,3,Córdoba,415451,45033,1804,6318,468606
2023,3,Corrientes,72824,7894,316,1107,82141
2023,3,Entre Ríos,131985,14307,573,2007,148872
2023,3,Formosa,30373,3292,132,462,34259
2023,3,Jujuy,25585,2773,111,389,28858
2023,3,La Pampa,59745,6476,259,909,67389
2023,3,La Rioja,20717,2246,90,315,23368
2023,3,Mendoza,150843,16351,655,2294,170143
2023,3,Misiones,62480,6772,271,950,70473
2023,3,Neuquén,66230,7179,288,1007,74704
2023,3,Río Negro,58978,6393,256,897,66524
2023,3,Salta,68812,7459,299,1046,77616
2023,3,San Juan,56431,6117,245,858,63651
2023,3,San Luis,23313,2527,101,355,26296
2023,3,Santa Cruz,20642,2237,90,314,23283
2023,3,Santa Fe,412407,44703,1791,6272,465173
2023,3,Santiago del Estero,53544,5804,233,814,60395
2023,3,Tierra del Fuego,17597,1907,76,268,19848
2023,3,Tucumán,133608,14482,580,2032,150702
2023,4,Buenos Aires,2793773,299661,12436,42016,3147886
2023,4,Capital Federal,1466033,157247,6526,22048,1651854
2023,4,Catamarca,18074,1939,80,272,20365
2023,4,Chaco,47897,5137,213,720,53967
2023,4,Chubut,48049,5154,214,723,54140
2023,4,Córdoba,427266,45829,1902,6426,481423
2023,4,Corrientes,70887,7603,316,1066,79872
2023,4,Entre Ríos,129069,13844,575,1941,145429
2023,4,Formosa,31766,3407,141,478,35792
2023,4,Jujuy,24661,2645,110,371,27787
2023,4,La Pampa,59947,6430,267,902,67546
2023,4,La Rioja,20422,2191,91,307,23011
2023,4,Mendoza,167466,17963,745,2519,188693
2023,4,Misiones,60485,6488,269,910,68152
2023,4,Neuquén,60010,6437,267,903,67617
2023,4,Río Negro,61702,6618,275,928,69523
2023,4,Salta,66426,7125,296,999,74846
2023,4,San Juan,47476,5092,211,714,53493
2023,4,San Luis,24780,2658,110,373,27921
2023,4,Santa Cruz,19793,2123,88,298,22302
2023,4,Santa Fe,401053,43017,1785,6032,451887
2023,4,Santiago del Estero,52473,5628,234,789,59124
2023,4,Tierra del Fuego,13093,1404,58,197,14752
2023,4,Tucumán,130314,13977,580,1960,146831
2024,1,Buenos Aires,2594462,277160,11663,37841,2921126
2024,1,Capital Federal,1261638,134778,5672,18402,1420490
2024,1,Catamarca,23924,2556,108,349,26937
2024,1,Chaco,68195,7285,307,995,76782
2024,1,Chubut,51123,5462,230,746,57561
2024,1,Córdoba,489775,52322,2202,7144,551443
2024,1,Corrientes,70935,7578,319,1035,79867
2024,1,Entre Ríos,151540,16189,681,2210,170620
2024,1,Formosa,27424,2930,123,400,30877
2024,1,Jujuy,38650,4129,174,564,43517
2024,1,La Pampa,58908,6293,265,859,66325
2024,1,La Rioja,21809,2330,98,318,24555
2024,1,Mendoza,152895,16333,687,2230,172145
2024,1,Misiones,74630,7972,335,1089,84026
2024,1,Neuquén,54520,5824,245,795,61384
2024,1,Río Negro,61753,6597,278,901,69529
2024,1,Salta,86530,9244,389,1262,97425
2024,1,San Juan,53146,5677,239,775,59837
2024,1,San Luis,25752,2751,116,376,28995
2024,1,Santa Cruz,19265,2058,87,281,21691
2024,1,Santa Fe,531189,56746,2388,7748,598071
2024,1,Santiago del Estero,55653,5945,250,812,62660
2024,1,Tierra del Fuego,14926,1594,67,218,16805
2024,1,Tucumán,146851,15688,660,2142,165341
2024,2,Buenos Aires,1851355,186712,8110,24408,2070585
2024,2,Capital Federal,761018,76750,3334,10033,851135
2024,2,Catamarca,23484,2368,103,310,26265
2024,2,Chaco,67077,6765,294,884,75020
2024,2,Chubut,51280,5172,225,676,57353
2024,2,Córdoba,482814,48692,2115,6365,539986
2024,2,Corrientes,69715,7031,305,919,77970
2024,2,Entre Ríos,149001,15027,653,1964,166645
2024,2,Formosa,26865,2709,118,354,30046
2024,2,Jujuy,37942,3826,166,500,42434
2024,2,La Pampa,57938,5843,254,764,64799
2024,2,La Rioja,21409,2159,94,282,23944
2024,2,Mendoza,153909,15522,674,2029,172134
2024,2,Misiones,73446,7407,322,968,82143
2024,2,Neuquén,54320,5478,238,716,60752
2024,2,Río Negro,62018,6255,272,818,69363
2024,2,Salta,84940,8566,372,1120,94998
2024,2,San Juan,53502,5396,234,705,59837
2024,2,San Luis,25924,2615,114,342,28995
2024,2,Santa Cruz,19394,1956,85,256,21691
2024,2,Santa Fe,524247,52871,2296,6912,586326
2024,2,Santiago del Estero,55122,5559,241,727,61649
2024,2,Tierra del Fuego,15026,1515,66,198,16805
2024,2,Tucumán,144158,14538,631,1901,161228
2024,3,Buenos Aires,2410443,244878,11430,33791,2700542
2024,3,Capital Federal,1167744,118632,5537,16370,1308283
2024,3,Catamarca,22990,2335,109,322,25756
2024,3,Chaco,65769,6682,312,922,73685
2024,3,Chubut,47879,4864,227,671,53641
2024,3,Córdoba,474610,48216,2251,6653,531730
2024,3,Corrientes,68313,6940,324,958,76535
2024,3,Entre Ríos,146061,14839,693,2048,163641
2024,3,Formosa,26287,2671,125,369,29452
2024,3,Jujuy,37140,3773,176,521,41610
2024,3,La Pampa,55708,5659,264,781,62412
2024,3,La Rioja,20956,2129,99,294,23478
2024,3,Mendoza,144254,14655,684,2022,161615
2024,3,Misiones,72052,7320,342,1010,80724
2024,3,Neuquén,51823,5265,246,726,58060
2024,3,Río Negro,58425,5935,277,819,65456
2024,3,Salta,83147,8447,394,1166,93154
2024,3,San Juan,49944,5074,237,700,55955
2024,3,San Luis,24632,2502,117,345,27596
2024,3,Santa Cruz,18441,1873,87,259,20660
2024,3,Santa Fe,515454,52365,2444,7226,577489
2024,3,Santiago del Estero,54340,5521,258,762,60881
2024,3,Tierra del Fuego,13959,1418,66,196,15639
2024,3,Tucumán,141121,14336,669,1978,158104
2024,4,Buenos Aires,2569839,256962,12550,34793,2874144
2024,4,Capital Federal,1372151,137203,6701,18578,1534633
2024,4,Catamarca,14925,1492,73,202,16692
2024,4,Chaco,38900,3890,190,527,43507
2024,4,Chubut,44993,4499,220,609,50321
2024,4,Córdoba,396682,39665,1937,5371,443655
2024,4,Corrientes,61323,6132,299,830,68584
2024,4,Entre Ríos,115657,11565,565,1566,129353
2024,4,Formosa,30745,3074,150,416,34385
2024,4,Jujuy,18887,1889,92,256,21124
2024,4,La Pampa,54881,5488,268,743,61380
2024,4,La Rioja,18325,1832,89,248,20494
2024,4,Mendoza,163613,16360,799,2215,182987
2024,4,Misiones,49866,4986,244,675,55771
2024,4,Neuquén,55787,5578,272,755,62392
2024,4,Río Negro,60960,6095,298,825,68178
2024,4,Salta,58026,5802,283,786,64897
2024,4,San Juan,44623,4462,218,604,49907
2024,4,San Luis,23731,2373,116,321,26541
2024,4,Santa Cruz,18442,1844,90,250,20626
2024,4,Santa Fe,355300,35527,1735,4810,397372
2024,4,Santiago del Estero,46391,4639,227,628,51885
2024,4,Tierra del Fuego,12235,1224,60,166,13685
2024,4,Tucumán,115452,11544,564,1563,129123
2025,1,Buenos Aires,2545740,249451,12463,32838,2840492
2025,1,Capital Federal,1401159,137297,6860,18074,1563390
2025,1,Catamarca,14874,1458,73,192,16597
2025,1,Chaco,39162,3837,192,505,43696
2025,1,Chubut,47944,4698,235,618,53495
2025,1,Córdoba,400643,39258,1961,5168,447030
2025,1,Corrientes,61080,5985,299,788,68152
2025,1,Entre Ríos,112999,11073,553,1458,126083
2025,1,Formosa,31101,3047,152,401,34701
2025,1,Jujuy,18279,1791,89,236,20395
2025,1,La Pampa,54094,5301,265,698,60358
2025,1,La Rioja,18867,1849,92,243,21051
2025,1,Mendoza,159399,15619,780,2056,177854
2025,1,Misiones,48592,4761,238,627,54218
2025,1,Neuquén,55958,5483,274,722,62437
2025,1,Río Negro,61007,5978,299,787,68071
2025,1,Salta,56298,5517,276,726,62817
2025,1,San Juan,50002,4900,245,645,55792
2025,1,San Luis,24680,2418,121,318,27537
2025,1,Santa Cruz,17977,1762,88,232,20059
2025,1,Santa Fe,355779,34862,1742,4589,396972
2025,1,Santiago del Estero,46400,4547,227,599,51773
2025,1,Tierra del Fuego,13973,1369,68,180,15590
2025,1,Tucumán,114056,11176,558,1471,127261
2025,2,Buenos Aires,1918203,182751,9271,23333,2133558
2025,2,Capital Federal,981056,93467,4742,11934,1091199
2025,2,Catamarca,15342,1462,74,187,17065
2025,2,Chaco,39149,3730,189,476,43544
2025,2,Chubut,47886,4562,231,582,53261
2025,2,Córdoba,403265,38420,1949,4905,448539
2025,2,Corrientes,60756,5788,294,739,67577
2025,2,Entre Ríos,111774,10649,540,1360,124323
2025,2,Formosa,31566,3007,153,384,35110
2025,2,Jujuy,17560,1673,85,214,19532
2025,2,La Pampa,52977,5047,256,644,58924
2025,2,La Rioja,19269,1836,93,234,21432
2025,2,Mendoza,160289,15271,775,1950,178285
2025,2,Misiones,47315,4508,229,576,52628
2025,2,Neuquén,57011,5432,276,694,63413
2025,2,Río Negro,61863,5894,299,753,68809
2025,2,Salta,54994,5239,266,669,61168
2025,2,San Juan,49941,4758,241,607,55547
2025,2,San Luis,24679,2351,119,300,27449
2025,2,Santa Cruz,17975,1713,87,219,19994
2025,2,Santa Fe,355179,33839,1717,4320,395055
2025,2,Santiago del Estero,46421,4423,224,565,51633
2025,2,Tierra del Fuego,13950,1329,67,170,15516
2025,2,Tucumán,114961,10952,556,1398,127867
2025,3,Buenos Aires,2604666,238589,12851,29069,2885175
2025,3,Capital Federal,1436631,131596,7088,16033,1591348
2025,3,Catamarca,15432,1413,76,172,17093
2025,3,Chaco,38775,3552,191,433,42951
2025,3,Chubut,47156,4319,233,526,52234
2025,3,Córdoba,404602,37062,1996,4515,448175
2025,3,Corrientes,59830,5480,295,668,66273
2025,3,Entre Ríos,110988,10167,548,1239,122942
2025,3,Formosa,32351,2963,160,361,35835
2025,3,Jujuy,16862,1545,83,188,18678
2025,3,La Pampa,52171,4779,257,582,57789
2025,3,La Rioja,19748,1809,97,220,21874
2025,3,Mendoza,160237,14678,791,1788,177494
2025,3,Misiones,45233,4143,223,505,50104
2025,3,Neuquén,58700,5377,290,655,65022
2025,3,Río Negro,63160,5785,312,705,69962
2025,3,Salta,53749,4923,265,600,59537
2025,3,San Juan,49598,4543,245,554,54940
2025,3,San Luis,24583,2252,121,274,27230
2025,3,Santa Cruz,17905,1640,88,200,19833
2025,3,Santa Fe,346082,31701,1707,3862,383352
2025,3,Santiago del Estero,46802,4287,231,522,51842
2025,3,Tierra del Fuego,13844,1268,68,154,15334
2025,3,Tucumán,116217,10645,573,1297,128732
2025,4,Buenos Aires,2740330,245587,14735,25341,3025993
2025,4,Capital Federal,1364276,122265,7336,12616,1506493
2025,4,Catamarca,15126,1356,81,140,16703
2025,4,Chaco,38315,3434,206,354,42309
2025,4,Chubut,50243,4503,270,465,55481
2025,4,Córdoba,404687,36268,2176,3742,446873
2025,4,Corrientes,57913,5190,311,536,63950
2025,4,Entre Ríos,110135,9870,592,1018,121615
2025,4,Formosa,32474,2910,175,300,35859
2025,4,Jujuy,15863,1422,85,147,17517
2025,4,La Pampa,44203,3961,238,409,48811
2025,4,La Rioja,19441,1742,105,180,21468
2025,4,Mendoza,150035,13446,807,1387,165675
2025,4,Misiones,43662,3913,235,404,48214
2025,4,Neuquén,69111,6194,372,639,76316
2025,4,Río Negro,55131,4941,296,510,60878
2025,4,Salta,53154,4764,286,492,58696
2025,4,San Juan,63353,5678,341,586,69958
2025,4,San Luis,26007,2331,140,241,28719
2025,4,Santa Cruz,11076,993,60,102,12231
2025,4,Santa Fe,337545,30250,1815,3121,372731
2025,4,Santiago del Estero,46826,4197,252,433,51708
2025,4,Tierra del Fuego,11073,992,60,102,12227
2025,4,Tucumán,114131,10228,614,1055,126028
